Workbook

Sheet Nov 2009 IRA 
A1: Home Protection Associates
A2: Payroll 11/14/2009 | B2: employee contribution | C2: Employer Contribution | D2: Amount Due
A3: Crostic, Deanna | B3: 99.4 | C3: 42.6
A4: Darr, Melanie | B4: 24.6 | C4: 24.6
A5: Gandara, Araceli | B5: 18.6 | C5: 18.6
A6: Martinez-Aguila, Carmen | B6: 31.98 | C6: 31.98
B7: =SUM(B3:B6) -> 174.58 | C7: =SUM(C3:C6) -> 117.78 | D7: =SUM(B7:C7) -> 292.36
A10: Payroll 11/21/2009 | B10: Employee Contribution | C10: Employer Contribution | D10: Amount Due
A11: Crostic, Deanna | B11: 99.4 | C11: 42.6
A12: Darr, Melanie | B12: 24.6 | C12: 24.6
A13: Gandara, Araceli | B13: 18.6 | C13: 18.6
A14: Martinez-Aguila, Carmen | B14: 32.88 | C14: 32.88
B15: =SUM(B11:B14) -> 175.48 | C15: =SUM(C11:C14) -> 118.68 | D15: =SUM(B15:C15) -> 294.16
A17: Payroll 11/28/2009 | B17: Employee Contribution | C17: Employer Contribution | D17: Amount Due
A18: Crostic, Deanna | B18: 99.4 | C18: 42.6
A19: Darr, Melanie | B19: 24.6 | C19: 24.6
A20: Gandara, Araceli | B20: 18.6 | C20: 18.6
A21: Martinez-Aguila, Carmen | B21: 31.98 | C21: 31.98
B22: =SUM(B18:B21) -> 174.58 | C22: =SUM(C18:C21) -> 117.78 | D22: =SUM(B22:C22) -> 292.36
A24: Balance due Nov 2009 | D24: =D7+D15+D22 -> 878.88

Sheet Dec 2009 IRA
A1: Home Protection Associates
A2: Payroll 12/07/2009 | B2: employee contribution | C2: Employer Contribution | D2: Amount Due
A3: Crostic, Deanna | B3: 124.25 | C3: 53.25
A4: Darr, Melanie | B4: 24.6 | C4: 24.6
A5: Gandara, Araceli | B5: 18.6 | C5: 18.6
A6: Martinez-Aguila, Carmen | B6: 32.38 | C6: 32.38
B7: =SUM(B3:B6) -> 199.83 | C7: =SUM(C3:C6) -> 128.83 | D7: =SUM(B7:C7) -> 328.66
A10: Payroll 12/14/2009 | B10: Employee Contribution | C10: Employer Contribution | D10: Amount Due
A11: Crostic, Deanna | B11: 99.4 | C11: 42.6
A12: Darr, Melanie | B12: 24.6 | C12: 24.6
A13: Gandara, Araceli | B13: 18.6 | C13: 18.6
A14: Martinez-Aguila, Carmen | B14: 31.98 | C14: 31.98
B15: =SUM(B11:B14) -> 174.58 | C15: =SUM(C11:C14) -> 117.78 | D15: =SUM(B15:C15) -> 292.36
A17: Payroll 12/18/2009 | B17: Employee Contribution | C17: Employer Contribution | D17: Amount Due | E17: bonuses
A18: Crostic, Deanna | B18: 54.46 | C18: 23.24
A19: Darr, Melanie | B19: 17.83 | C19: 17.83
A20: Gandara, Araceli | B20: 17.47 | C20: 17.47
A21: Martinez-Aguila, Carmen | B21: 16.79 | C21: 16.79
B22: =SUM(B18:B21) -> 106.55 | C22: =SUM(C18:C21) -> 75.33 | D22: =SUM(B22:C22) -> 181.88
A24: Payroll 12/21/2009 | B24: Employee Contribution | C24: Employer Contribution | D24: Amount Due
A25: Crostic, Deanna | B25: 99.4 | C25: 42.6
A26: Darr, Melanie | B26: 24.6 | C26: 24.6
A27: Gandara, Araceli | B27: 18.6 | C27: 18.6
A28: Martinez-Aguila, Carmen | B28: 31.98 | C28: 31.98
B29: =SUM(B25:B28) -> 174.58 | C29: =SUM(C25:C28) -> 117.78 | D29: =SUM(B29:C29) -> 292.36
A31: Payroll 12/28/2009 | B31: Employee Contribution | C31: Employer Contribution | D31: Amount Due
A32: Crostic, Deanna | B32: 99.4 | C32: 42.6
A33: Darr, Melanie | B33: 24.6 | C33: 24.6
A34: Gandara, Araceli | B34: 18.6 | C34: 18.6
A35: Martinez-Aguila, Carmen | B35: 31.98 | C35: 31.98
B36: =SUM(B32:B35) -> 174.58 | C36: =SUM(C32:C35) -> 117.78 | D36: =SUM(B36:C36) -> 292.36
A38: Balance due Dec 2009 | D38: =D7+D15+D22+D29+D36 -> 1387.62

Sheet Sheet3

Sheet Jan 2010
A1: Home Protection Associates
A2: Payroll 01/04/2010 | B2: employee contribution | C2: Employer Contribution | D2: Amount Due
A3: Crostic, Deanna | B3: 99.4 | C3: 42.6
A4: Darr, Melanie | B4: 24.6 | C4: 24.6
A5: Gandara, Araceli | B5: 18.6 | C5: 18.6
A6: Martinez-Aguila, Carmen | B6: 31.98 | C6: 31.98
B7: =SUM(B3:B6) -> 174.58 | C7: =SUM(C3:C6) -> 117.78 | D7: =SUM(B7:C7) -> 292.36
A10: Payroll 01/11/2010 | B10: Employee Contribution | C10: Employer Contribution | D10: Amount Due
A11: Crostic, Deanna | B11: 99.4 | C11: 42.6
A12: Darr, Melanie | B12: 24.6 | C12: 24.6
A13: Gandara, Araceli | B13: 18.6 | C13: 18.6
A14: Martinez-Aguila, Carmen | B14: 31.98 | C14: 31.98
B15: =SUM(B11:B14) -> 174.58 | C15: =SUM(C11:C14) -> 117.78 | D15: =SUM(B15:C15) -> 292.36
A18: Payroll 01/16/2010 | B18: Employee Contribution | C18: Employer Contribution | D18: Amount Due
A19: Crostic, Deanna | B19: 99.4 | C19: 42.6
A20: Darr, Melanie | B20: 24.6 | C20: 24.6
A21: Gandara, Araceli | B21: 18.6 | C21: 18.6
A22: Martinez-Aguila, Carmen | B22: 31.98 | C22: 31.98
B23: =SUM(B19:B22) -> 174.58 | C23: =SUM(C19:C22) -> 117.78 | D23: =SUM(B23:C23) -> 292.36
A25: Payroll 01/25/2010 | B25: Employee Contribution | C25: Employer Contribution | D25: Amount Due
A26: Crostic, Deanna | B26: 99.4 | C26: 42.6
A27: Darr, Melanie | B27: 24.6 | C27: 24.6
A28: Gandara, Araceli | B28: 18.6 | C28: 18.6
A29: Martinez-Aguila, Carmen | B29: 31.98 | C29: 31.98
B30: =SUM(B26:B29) -> 174.58 | C30: =SUM(C26:C29) -> 117.78 | D30: =SUM(B30:C30) -> 292.36
A32: Balance due Jan 2010 | D32: =D7+D15+D23+D30 -> 1169.44

Sheet Feb 2010
A1: Home Protection Associates
A2: Payroll 02/01/2010 | B2: employee contribution | C2: Employer Contribution | D2: Amount Due
A3: Crostic, Deanna | B3: 99.4 | C3: 42.6
A4: Darr, Melanie | B4: 24.6 | C4: 24.6
A5: Gandara, Araceli | B5: 18.6 | C5: 18.6
A6: Martinez-Aguila, Carmen | B6: 31.98 | C6: 31.98
B7: =SUM(B3:B6) -> 174.58 | C7: =SUM(C3:C6) -> 117.78 | D7: =SUM(B7:C7) -> 292.36
A10: Payroll 02/08/2010 | B10: Employee Contribution | C10: Employer Contribution | D10: Amount Due
A11: Crostic, Deanna | B11: 99.4 | C11: 42.6
A12: Darr, Melanie | B12: 24.6 | C12: 24.6
A13: Gandara, Araceli | B13: 18.6 | C13: 18.6
A14: Martinez-Aguila, Carmen | B14: 31.98 | C14: 31.98
B15: =SUM(B11:B14) -> 174.58 | C15: =SUM(C11:C14) -> 117.78 | D15: =SUM(B15:C15) -> 292.36
A18: Payroll 02/13/2010 | B18: Employee Contribution | C18: Employer Contribution | D18: Amount Due
A19: Crostic, Deanna | B19: 99.4 | C19: 42.6
A20: Darr, Melanie | B20: 24.6 | C20: 24.6
A21: Gandara, Araceli | B21: 18.6 | C21: 18.6
A22: Martinez-Aguila, Carmen | B22: 31.98 | C22: 31.98
B23: =SUM(B19:B22) -> 174.58 | C23: =SUM(C19:C22) -> 117.78 | D23: =SUM(B23:C23) -> 292.36
A25: Payroll 02/22/2010 | B25: Employee Contribution | C25: Employer Contribution | D25: Amount Due
A26: Crostic, Deanna | B26: 119.28 | C26: 51.12
A27: Darr, Melanie | B27: 24.6 | C27: 24.6
A28: Gandara, Araceli | B28: 18.6 | C28: 18.6
A29: Martinez-Aguila, Carmen | B29: 31.98 | C29: 31.98
B30: =SUM(B26:B29) -> 194.46 | C30: =SUM(C26:C29) -> 126.3 | D30: =SUM(B30:C30) -> 320.76
A32: Balance due Feb 2010 | D32: =D7+D15+D23+D30 -> 1197.84

Sheet March 2010 
A1: Home Protection Associates
A2: Payroll 03/08/2010 | B2: employee contribution | C2: Employer Contribution | D2: Amount Due
A3: Crostic, Deanna | B3: 99.4 | C3: 42.6
A4: Darr, Melanie | B4: 24.6 | C4: 24.6
A5: Gandara, Araceli | B5: 18.6 | C5: 18.6
A6: Martinez-Aguila, Carmen | B6: 31.98 | C6: 31.98
B7: =SUM(B3:B6) -> 174.58 | C7: =SUM(C3:C6) -> 117.78 | D7: =SUM(B7:C7) -> 292.36
A10: Payroll 03/15/2010 | B10: Employee Contribution | C10: Employer Contribution | D10: Amount Due
A11: Crostic, Deanna | B11: 99.4 | C11: 42.6
A12: Darr, Melanie | B12: 24.6 | C12: 24.6
A13: Gandara, Araceli | B13: 18.6 | C13: 18.6
A14: Martinez-Aguila, Carmen | B14: 31.98 | C14: 31.98
B15: =SUM(B11:B14) -> 174.58 | C15: =SUM(C11:C14) -> 117.78 | D15: =SUM(B15:C15) -> 292.36
A18: Payroll 03/22/2010 | B18: Employee Contribution | C18: Employer Contribution | D18: Amount Due
A19: Crostic, Deanna | B19: 99.4 | C19: 42.6
A20: Darr, Melanie | B20: 24.6 | C20: 24.6
A21: Gandara, Araceli | B21: 18.6 | C21: 18.6
A22: Martinez-Aguila, Carmen | B22: 31.98 | C22: 31.98
B23: =SUM(B19:B22) -> 174.58 | C23: =SUM(C19:C22) -> 117.78 | D23: =SUM(B23:C23) -> 292.36
A25: Payroll 03/29/2010 | B25: Employee Contribution | C25: Employer Contribution | D25: Amount Due
A26: Crostic, Deanna | B26: 99.4 | C26: 51.12
A27: Darr, Melanie | B27: 24.6 | C27: 24.6
A28: Gandara, Araceli | B28: 18.6 | C28: 18.6
A29: Martinez-Aguila, Carmen | B29: 31.98 | C29: 31.98
B30: =SUM(B26:B29) -> 174.58 | C30: =SUM(C26:C29) -> 126.3 | D30: =SUM(B30:C30) -> 300.88
A32: Balance due March 2010 | D32: =D7+D15+D23+D30 -> 1177.96

Sheet April 2010
A1: Home Protection Associates
A2: Payroll 04/05/2010 | B2: employee contribution | C2: Employer Contribution | D2: Amount Due
A3: Crostic, Deanna | B3: 99.4 | C3: 42.6
A4: Darr, Melanie | B4: 24.6 | C4: 24.6
A5: Gandara, Araceli | B5: 18.6 | C5: 18.6
A6: Martinez-Aguila, Carmen | B6: 31.98 | C6: 31.98
B7: =SUM(B3:B6) -> 174.58 | C7: =SUM(C3:C6) -> 117.78 | D7: =SUM(B7:C7) -> 292.36
A10: Payroll 04/12/2010 | B10: Employee Contribution | C10: Employer Contribution | D10: Amount Due
A11: Crostic, Deanna | B11: 99.4 | C11: 42.6
A12: Darr, Melanie | B12: 24.6 | C12: 24.6
A13: Gandara, Araceli | B13: 18.6 | C13: 18.6
A14: Martinez-Aguila, Carmen | B14: 31.98 | C14: 31.98
B15: =SUM(B11:B14) -> 174.58 | C15: =SUM(C11:C14) -> 117.78 | D15: =SUM(B15:C15) -> 292.36
A18: Payroll 04/19/2010 | B18: Employee Contribution | C18: Employer Contribution | D18: Amount Due
A19: Crostic, Deanna | B19: 99.4 | C19: 42.6
A20: Darr, Melanie | B20: 24.6 | C20: 24.6
A21: Gandara, Araceli | B21: 18.6 | C21: 18.6
A22: Martinez-Aguila, Carmen | B22: 31.98 | C22: 31.98
B23: =SUM(B19:B22) -> 174.58 | C23: =SUM(C19:C22) -> 117.78 | D23: =SUM(B23:C23) -> 292.36
A25: Payroll 04/26/2010 | B25: Employee Contribution | C25: Employer Contribution | D25: Amount Due
A26: Crostic, Deanna | B26: 99.4 | C26: 42.6
A27: Darr, Melanie | B27: 24.6 | C27: 24.6
A28: Gandara, Araceli | B28: 18.6 | C28: 18.6
A29: Martinez-Aguila, Carmen | B29: 31.98 | C29: 31.98
B30: =SUM(B26:B29) -> 174.58 | C30: =SUM(C26:C29) -> 117.78 | D30: =SUM(B30:C30) -> 292.36
A32: Balance due April 2010 | D32: =D7+D15+D23+D30 -> 1169.44

Sheet May 2010
A1: Home Protection Associates
A2: Payroll 05/03/2010 | B2: employee contribution | C2: Employer Contribution | D2: Amount Due
A3: Crostic, Deanna | B3: 99.4 | C3: 42.6
A4: Darr, Melanie | B4: 24.6 | C4: 24.6
A5: Gandara, Araceli | B5: 18.6 | C5: 18.6
A6: Martinez-Aguila, Carmen | B6: 31.98 | C6: 31.98
B7: =SUM(B3:B6) -> 174.58 | C7: =SUM(C3:C6) -> 117.78 | D7: =SUM(B7:C7) -> 292.36
A10: Payroll 05/08/2010 | B10: Employee Contribution | C10: Employer Contribution | D10: Amount Due
A11: Crostic, Deanna | B11: 99.4 | C11: 42.6
A12: Darr, Melanie | B12: 24.6 | C12: 24.6
A13: Gandara, Araceli | B13: 18.6 | C13: 18.6
A14: Martinez-Aguila, Carmen | B14: 31.98 | C14: 31.98
B15: =SUM(B11:B14) -> 174.58 | C15: =SUM(C11:C14) -> 117.78 | D15: =SUM(B15:C15) -> 292.36
A18: Payroll 05/24/2010 | B18: Employee Contribution | C18: Employer Contribution | D18: Amount Due
A19: Crostic, Deanna | B19: 99.4 | C19: 42.6
A20: Darr, Melanie | B20: 24.6 | C20: 24.6
A21: Gandara, Araceli | B21: 11.63 | C21: 18.6
A22: Martinez-Aguila, Carmen | B22: 31.98 | C22: 31.98
B23: =SUM(B19:B22) -> 167.61 | C23: =SUM(C19:C22) -> 117.78 | D23: =SUM(B23:C23) -> 285.39
A25: Payroll 05/29/2010 | B25: Employee Contribution | C25: Employer Contribution | D25: Amount Due
A26: Crostic, Deanna | B26: 99.4 | C26: 42.6
A27: Darr, Melanie | B27: 24.6 | C27: 24.6
A28: Gandara, Araceli | B28: 19.3 | C28: 18.6
A29: Martinez-Aguila, Carmen | B29: 31.98 | C29: 31.98
B30: =SUM(B26:B29) -> 175.28 | C30: =SUM(C26:C29) -> 117.78 | D30: =SUM(B30:C30) -> 293.06
A32: Balance due May 2010 | D32: =D7+D15+D23+D30 -> 1163.17

Sheet June 2010 
A1: Home Protection Associates
A2: Payroll 6/3//2010 | B2: employee contribution | C2: Employer Contribution | D2: Amount Due
A3: Crostic, Deanna | B3: 99.4 | C3: 42.6
A4: Darr, Melanie | B4: 24.6 | C4: 24.6
A5: Gandara, Araceli | B5: 18.6 | C5: 18.6
A6: Martinez-Aguila, Carmen | B6: 31.98 | C6: 31.98
B7: =SUM(B3:B6) -> 174.58 | C7: =SUM(C3:C6) -> 117.78 | D7: =SUM(B7:C7) -> 292.36
A10: Payroll 6/10/2010 | B10: Employee Contribution | C10: Employer Contribution | D10: Amount Due
A11: Crostic, Deanna | B11: 99.4 | C11: 42.6
A12: Darr, Melanie | B12: 20.6 | C12: 24.6
A13: Gandara, Araceli | B13: 18.02 | C13: 18.6
A14: Martinez-Aguila, Carmen | B14: 31.98 | C14: 31.98
B15: =SUM(B11:B14) -> 170 | C15: =SUM(C11:C14) -> 117.78 | D15: =SUM(B15:C15) -> 287.78
A17: Payroll 6/17/2010 | B17: Employee Contribution | C17: Employer Contribution | D17: Amount Due
A18: Crostic, Deanna | B18: 99.4 | C18: 42.6
A19: Darr, Melanie | B19: 24.6 | C19: 24.6
A20: Gandara, Araceli | B20: 19.07 | C20: 19.07
A21: Martinez-Aguila, Carmen | B21: 31.98 | C21: 31.98
B22: =SUM(B18:B21) -> 175.05 | C22: =SUM(C18:C21) -> 118.25 | D22: =SUM(B22:C22) -> 293.3
A24: Payroll 6/24/2010 | B24: Employee Contribution | C24: Employer Contribution | D24: Amount Due
A25: Crostic, Deanna | B25: 99.4 | C25: 42.6
A26: Darr, Melanie | B26: 20.6 | C26: 20.6
A27: Gandara, Araceli | B27: 18.02 | C27: 18.02
A28: Martinez-Aguila, Carmen | B28: 31.98 | C28: 31.98
B29: =SUM(B25:B28) -> 170 | C29: =SUM(C25:C28) -> 113.2 | D29: =SUM(B29:C29) -> 283.2
A31: Payroll 6/30/2010 | B31: Employee Contribution | C31: Employer Contribution | D31: Amount Due
A32: Crostic, Deanna | B32: 99.4 | C32: 42.6
A33: Darr, Melanie | B33: 19.68 | C33: 19.68
A34: Gandara, Araceli | B34: 18.6 | C34: 18.6
A35: Martinez-Aguila, Carmen | B35: 31.98 | C35: 31.98
B36: =SUM(B32:B35) -> 169.66 | C36: =SUM(C32:C35) -> 112.86 | D36: =SUM(B36:C36) -> 282.52
A38: Balance due June 2010 | D38: =D7+D15+D29+D36+D22 -> 1439.16

Sheet July 2010 
A1: Home Protection Associates
A2: Payroll 7/3/2010 | B2: employee contribution | C2: Employer Contribution | D2: Amount Due
A3: Crostic, Deanna | B3: 99.4 | C3: 42.6
A4: Darr, Melanie | B4: 19.68 | C4: 19.68
A5: Gandara, Araceli | B5: 18.6 | C5: 18.6
A6: Martinez-Aguila, Carmen | B6: 31.98 | C6: 31.98
B7: =SUM(B3:B6) -> 169.66 | C7: =SUM(C3:C6) -> 112.86 | D7: =SUM(B7:C7) -> 282.52
A10: Payroll/ 7/10/2010 | B10: Employee Contribution | C10: Employer Contribution | D10: Amount Due
A11: Crostic, Deanna | B11: 99.4 | C11: 42.6
A12: Darr, Melanie | B12: 19.68 | C12: 19.68
A13: Gandara, Araceli | B13: 18.6 | C13: 18.6
A14: Martinez-Aguila, Carmen | B14: 31.98 | C14: 31.98
B15: =SUM(B11:B14) -> 169.66 | C15: =SUM(C11:C14) -> 112.86 | D15: =SUM(B15:C15) -> 282.52
A18: Payroll 7/17/2010 | B18: Employee Contribution | C18: Employer Contribution | D18: Amount Due
A19: Crostic, Deanna | B19: 99.4 | C19: 42.6
A20: Darr, Melanie | B20: 9.23 | C20: 9.23
A21: Gandara, Araceli | B21: 18.14 | C21: 18.14
A22: Martinez-Aguila, Carmen | B22: 31.98 | C22: 31.98
B23: =SUM(B19:B22) -> 158.75 | C23: =SUM(C19:C22) -> 101.95 | D23: =SUM(B23:C23) -> 260.7
A25: Payroll 7/24/2010 | B25: Employee Contribution | C25: Employer Contribution | D25: Amount Due
A26: Crostic, Deanna | B26: 99.4 | C26: 42.6
A27: Darr, Melanie
A28: Gandara, Araceli | B28: 20.4 | C28: 20.4
A29: Martinez-Aguila, Carmen | B29: 33.18 | C29: 33.18
B30: =SUM(B26:B29) -> 152.98 | C30: =SUM(C26:C29) -> 96.18 | D30: =SUM(B30:C30) -> 249.16
A32: Balance due July 2010 | D32: =D7+D15+D23+D30 -> 1074.9

Sheet August 2010
A1: Home Protection Associates
A2: Payroll /2010 | B2: employee contribution | C2: Employer Contribution | D2: Amount Due
A3: Crostic, Deanna | B3: 99.4 | C3: 42.6
A4: Darr, Melanie
A5: Gandara, Araceli | B5: 20.4 | C5: 20.4
A6: Martinez-Aguila, Carmen | B6: 33.18 | C6: 33.18
D7: =SUM(B3:C6) -> 249.16
A10: Payroll/ /2010 | B10: Employee Contribution | C10: Employer Contribution | D10: Amount Due
A11: Crostic, Deanna | B11: 99.4 | C11: 42.6
A12: Darr, Melanie
A13: Gandara, Araceli | B13: 20.4 | C13: 20.4
A14: Martinez-Aguila, Carmen | B14: 33.18 | C14: 33.18
D15: =SUM(B11:C14) -> 249.16
A18: Payroll /2010 | B18: Employee Contribution | C18: Employer Contribution | D18: Amount Due
A19: Crostic, Deanna | B19: 99.4 | C19: 42.6
A20: Darr, Melanie
A21: Gandara, Araceli | B21: 20.4 | C21: 20.4
A22: Martinez-Aguila, Carmen | B22: 33.18 | C22: 33.18
D23: =SUM(B19:C22) -> 249.16
A25: Payroll 2010 | B25: Employee Contribution | C25: Employer Contribution | D25: Amount Due
A26: Crostic, Deanna | B26: 99.4 | C26: 42.6
A27: Darr, Melanie
A28: Gandara, Araceli | B28: 20.4 | C28: 20.4
A29: Martinez-Aguila, Carmen | B29: 33.18 | C29: 33.18
D30: =SUM(B26:C29) -> 249.16
A32: Balance due August 2010 | D32: =D7+D15+D23+D30 -> 996.64

Sheet Sept 2010
A1: Home Protection Associates
A2: Payroll 9/3/2010 | B2: employee contribution | C2: Employer Contribution | D2: Amount Due
A3: Crostic, Deanna | B3: 124.25 | C3: 53.25
A4: Darr, Melanie | B4: 18.27 | C4: 18.27
A5: Gandara, Araceli | B5: 16.83 | C5: 16.83
A6: Martinez-Aguila, Carmen | B6: 33.18 | C6: 33.18
D7: =SUM(B3:C6) -> 314.06
A10: Payroll 9/13 /2010 | B10: Employee Contribution | C10: Employer Contribution | D10: Amount Due
A11: Crostic, Deanna | B11: 99.4 | C11: 42.6
A12: Darr, Melanie | B12: 23.49 | C12: 23.49
A13: Gandara, Araceli | B13: 20.4 | C13: 20.4
A14: Martinez-Aguila, Carmen | B14: 33.18 | C14: 33.18
D15: =SUM(B11:C14) -> 296.14
A18: Payroll 9/20/2010 | B18: Employee Contribution | C18: Employer Contribution | D18: Amount Due
A19: Crostic, Deanna | B19: 99.4 | C19: 42.6
A20: Darr, Melanie | B20: 21.21 | C20: 21.21
A21: Gandara, Araceli | B21: 19.64 | C21: 19.64
A22: Martinez-Aguila, Carmen | B22: 33.18 | C22: 33.18
D23: =SUM(B19:C22) -> 290.06
A25: Payroll 9/27/2010 | B25: Employee Contribution | C25: Employer Contribution | D25: Amount Due
A26: Crostic, Deanna | B26: 99.4 | C26: 42.6
A27: Darr, Melanie | B27: 23.49 | C27: 23.49
A28: Gandara, Araceli | B28: 19.89 | C28: 19.89
A29: Martinez-Aguila, Carmen | B29: 33.18 | C29: 33.18
D30: =SUM(B26:C29) -> 295.12
A32: Balance due Sept 2010 | D32: =D7+D15+D23+D30 -> 1195.38

Sheet Oct 2010 
A1: Home Protection Associates
A2: Payroll 10/04/2010 | B2: employee contribution | C2: Employer Contribution | D2: Amount Due
A3: Crostic, Deanna | B3: 99.4 | C3: 42.6
A4: Darr, Melanie | B4: 23.49 | C4: 23.49
A5: Gandara, Araceli | B5: 18.74 | C5: 18.74
A6: Martinez-Aguila, Carmen | B6: 33.18 | C6: 33.18
D7: =SUM(B3:C6) -> 292.82
A10: Payroll 10/08/2010 | B10: Employee Contribution | C10: Employer Contribution | D10: Amount Due
A11: Crostic, Deanna | B11: 124.25 | C11: 53.25
A12: Darr, Melanie | B12: 23.49 | C12: 23.49
A13: Gandara, Araceli | B13: 20.4 | C13: 20.4
A14: Martinez-Aguila, Carmen | B14: 33.18 | C14: 33.18
D15: =SUM(B11:C14) -> 331.64
A18: Payroll 10/18/2010 | B18: Employee Contribution | C18: Employer Contribution | D18: Amount Due
A19: Crostic, Deanna | B19: 124.25 | C19: 53.25
A20: Darr, Melanie | B20: 18.27 | C20: 18.27
A21: Gandara, Araceli | B21: 20.4 | C21: 20.4
A22: Martinez-Aguila, Carmen | B22: 33.8 | C22: 33.8
D23: =SUM(B19:C22) -> 322.44
A25: Payroll 10/25/2010 | B25: Employee Contribution | C25: Employer Contribution | D25: Amount Due
A26: Crostic, Deanna | B26: 99.4 | C26: 42.6
A27: Darr, Melanie | B27: 23.49 | C27: 23.49
A28: Gandara, Araceli | B28: 20.4 | C28: 20.4
A29: Martinez-Aguila, Carmen | B29: 33.18 | C29: 33.18
D30: =SUM(B26:C29) -> 296.14
A32: Balance due Oct 2010 | D32: =D7+D15+D23+D30 -> 1243.04

Sheet Nov 2010
A1: Home Protection Associates
A2: Payroll 11/01/2010 | B2: employee contribution | C2: Employer Contribution | D2: Amount Due
A3: Crostic, Deanna | B3: 99.4 | C3: 42.6
A4: Darr, Melanie | B4: 23.49 | C4: 23.49
A5: Gandara, Araceli | B5: 18.36 | C5: 18.36
A6: Martinez-Aguila, Carmen | B6: 33.18 | C6: 33.18
D7: =SUM(B3:C6) -> 292.06
A10: Payroll 11/08/2010 | B10: Employee Contribution | C10: Employer Contribution | D10: Amount Due
A11: Crostic, Deanna | B11: 124.25 | C11: 53.25
A12: Darr, Melanie | B12: 18.24 | C12: 18.27
A13: Gandara, Araceli | B13: 20.4 | C13: 20.4
A14: Martinez-Aguila, Carmen | B14: 33.18 | C14: 33.18
D15: =SUM(B11:C14) -> 321.17
A18: Payroll 11/15/2010 | B18: Employee Contribution | C18: Employer Contribution | D18: Amount Due
A19: Crostic, Deanna | B19: 99.4 | C19: 42.6
A20: Darr, Melanie | B20: 23.49 | C20: 23.49
A21: Gandara, Araceli | B21: 20.4 | C21: 20.4
A22: Martinez-Aguila, Carmen | B22: 33.8 | C22: 33.8
D23: =SUM(B19:C22) -> 297.38
A25: Payroll 11/22/2010 | B25: Employee Contribution | C25: Employer Contribution | D25: Amount Due
A26: Crostic, Deanna | B26: 99.4 | C26: 42.6
A27: Darr, Melanie | B27: 23.49 | C27: 23.49
A28: Gandara, Araceli | B28: 20.4 | C28: 20.4
A29: Martinez-Aguila, Carmen | B29: 33.18 | C29: 33.18
D30: =SUM(B26:C29) -> 296.14
A32: Balance due Nov 2010 | D32: =D7+D15+D23+D30 -> 1206.75

Sheet Dec 2010
A1: Home Protection Associates
A2: Payroll 12/6/10 | B2: employee contribution | C2: Employer Contribution | D2: Amount Due
A3: Crostic, Deanna | B3: 99.4 | C3: 42.6
A4: Darr, Melanie | B4: 23.49 | C4: 23.49
A5: Gandara, Araceli | B5: 20.15 | C5: 20.15
A6: Martinez-Aguila, Carmen | B6: 33.18 | C6: 33.18
D7: =SUM(B3:C6) -> 295.64
A10: Payroll 12/13/2010 | B10: Employee Contribution | C10: Employer Contribution | D10: Amount Due
A11: Crostic, Deanna | B11: 99.4 | C11: 42.6
A12: Darr, Melanie | B12: 23.49 | C12: 23.49
A13: Gandara, Araceli | B13: 20.27 | C13: 20.27
A14: Martinez-Aguila, Carmen | B14: 33.18 | C14: 33.18
D15: =SUM(B11:C14) -> 295.88
A18: Payroll 12/20/2010 | B18: Employee Contribution | C18: Employer Contribution | D18: Amount Due
A19: Crostic, Deanna | B19: 111.83 | C19: 47.93
A20: Darr, Melanie | B20: 23.16 | C20: 23.49
A21: Gandara, Araceli | B21: 20.4 | C21: 20.4
A22: Martinez-Aguila, Carmen | B22: 33.8 | C22: 33.8
D23: =SUM(B19:C22) -> 314.81
A25: Payroll 11/22/2010 | B25: Employee Contribution | C25: Employer Contribution | D25: Amount Due
A26: Crostic, Deanna | B26: 111.83 | C26: 47.93
A27: Darr, Melanie | B27: 22.19 | C27: 22.19
A28: Gandara, Araceli | B28: 19.38 | C28: 19.38
A29: Martinez-Aguila, Carmen | B29: 33.18 | C29: 33.18
D30: =SUM(B26:C29) -> 309.26
A32: Balance due Dec 2010 | D32: =D7+D15+D23+D30 -> 1215.59

Sheet Jan 2011
A1: Home Protection Associates
A2: Payroll 1/10/11 | B2: employee contribution | C2: Employer Contribution | D2: Amount Due
A3: Crostic, Deanna | B3: 99.4 | C3: 42.6
A4: Darr, Melanie | B4: 22.51 | C4: 22.51
A5: Gandara, Araceli | B5: 18.36 | C5: 18.36
A6: Martinez-Aguila, Carmen | B6: 33.18 | C6: 33.18
D7: =SUM(B3:C6) -> 290.1
A10: Payroll 1/14/11 | B10: Employee Contribution | C10: Employer Contribution | D10: Amount Due
A11: Crostic, Deanna | B11: 111.83 | C11: 47.93
A12: Darr, Melanie | B12: 23.49 | C12: 23.49
A13: Gandara, Araceli | B13: 20.4 | C13: 20.4
A14: Martinez-Aguila, Carmen | B14: 33.18 | C14: 33.18
D15: =SUM(B11:C14) -> 313.9
A18: Payroll 1/22/11 | B18: Employee Contribution | C18: Employer Contribution | D18: Amount Due
A19: Crostic, Deanna | B19: 99.4 | C19: 42.6
A20: Darr, Melanie | B20: 23.16 | C20: 23.49
A21: Gandara, Araceli | B21: 20.4 | C21: 20.4
A22: Martinez-Aguila, Carmen | B22: 33.18 | C22: 33.18
D23: =SUM(B19:C22) -> 295.81
A25: Payroll 1/29/11 | B25: Employee Contribution | C25: Employer Contribution | D25: Amount Due
A26: Crostic, Deanna | B26: 99.4 | C26: 42.6
A27: Darr, Melanie | B27: 23.49 | C27: 23.49
A28: Gandara, Araceli | B28: 20.4 | C28: 20.4
A29: Martinez-Aguila, Carmen | B29: 33.39 | C29: 33.39
D30: =SUM(B26:C29) -> 296.56
A32: Balance due Jan 2011 | D32: =D7+D15+D23+D30 -> 1196.37

Sheet Feb 2011 
A1: Home Protection Associates
A2: Payroll 2/3/11 | B2: employee contribution | C2: Employer Contribution | D2: Amount Due
A3: Crostic, Deanna | B3: 124.25 | C3: 53.25
A4: Darr, Melanie | B4: 23.49 | C4: 23.49
A5: Gandara, Araceli | B5: 20.4 | C5: 20.4
A6: Martinez-Aguila, Carmen | B6: 33.18 | C6: 33.18
D7: =SUM(B3:C6) -> 331.64
A10: Payroll 2/10/11 | B10: Employee Contribution | C10: Employer Contribution | D10: Amount Due
A11: Crostic, Deanna | B11: 99.4 | C11: 42.6
A12: Darr, Melanie | B12: 22.19 | C12: 22.19
A13: Gandara, Araceli | B13: 20.59 | C13: 20.59
A14: Martinez-Aguila, Carmen | B14: 33.18 | C14: 33.18
D15: =SUM(B11:C14) -> 293.92
A18: Payroll 2/16/11 | B18: Employee Contribution | C18: Employer Contribution | D18: Amount Due
A19: Crostic, Deanna | B19: 99.4 | C19: 42.6
A20: Darr, Melanie | B20: 23.49 | C20: 23.49
A21: Gandara, Araceli | B21: 18.36 | C21: 18.36
A22: Martinez-Aguila, Carmen | B22: 33.18 | C22: 33.18
D23: =SUM(B19:C22) -> 292.06
A25: Payroll 2/24/11 | B25: Employee Contribution | C25: Employer Contribution | D25: Amount Due
A26: Crostic, Deanna | B26: 124.25 | C26: 53.25
A27: Darr, Melanie | B27: 22.67 | C27: 22.67
A28: Gandara, Araceli | B28: 20.4 | C28: 20.4
A29: Martinez-Aguila, Carmen | B29: 33.18 | C29: 33.18
D30: =SUM(B26:C29) -> 330
A32: Balance dueFeb2011 | D32: =D7+D15+D23+D30 -> 1247.62

Sheet Mar 2011
A1: Home Protection Associates
A2: Payroll 3/7/11 | B2: employee contribution | C2: Employer Contribution | D2: Amount Due
A3: Crostic, Deanna | B3: 124.25 | C3: 53.25
A4: Darr, Melanie | B4: 22.84 | C4: 22.84
A5: Gandara, Araceli | B5: 20.4 | C5: 20.4
A6: Martinez-Aguila, Carmen | B6: 33.18 | C6: 33.18
D7: =SUM(B3:C6) -> 330.34
A10: Payroll 3/14/11 | B10: Employee Contribution | C10: Employer Contribution | D10: Amount Due
A11: Crostic, Deanna | B11: 99.4 | C11: 42.6
A12: Darr, Melanie | B12: 23.49 | C12: 23.49
A13: Gandara, Araceli | B13: 20.4 | C13: 20.4
A14: Martinez-Aguila, Carmen | B14: 33.18 | C14: 33.18
D15: =SUM(B11:C14) -> 296.14
A18: Payroll 3/21/11 | B18: Employee Contribution | C18: Employer Contribution | D18: Amount Due
A19: Crostic, Deanna | B19: 99.4 | C19: 42.6
A20: Darr, Melanie | B20: 23.49 | C20: 23.49
A21: Gandara, Araceli | B21: 20.4 | C21: 20.4
A22: Martinez-Aguila, Carmen | B22: 33.18 | C22: 33.18
D23: =SUM(B19:C22) -> 296.14
A25: Payroll 3/28/11 | B25: Employee Contribution | C25: Employer Contribution | D25: Amount Due
A26: Crostic, Deanna | B26: 99.4 | C26: 42.6
A27: Darr, Melanie | B27: 23.16 | C27: 23.16
A28: Gandara, Araceli | B28: 20.4 | C28: 20.4
A29: Martinez-Aguila, Carmen | B29: 32.97 | C29: 32.97
D30: =SUM(B26:C29) -> 295.06
A32: Balance due March 2011 | D32: =D7+D15+D23+D30 -> 1217.68

Sheet April 2011
A1: Home Protection Associates
A2: Payroll 4/4/11 | B2: employee contribution | C2: Employer Contribution | D2: Amount Due
A3: Crostic, Deanna | B3: 99.4 | C3: 42.6
A4: Darr, Melanie | B4: 23.49 | C4: 23.49
A5: Gandara, Araceli | B5: 20.4 | C5: 20.4
A6: Martinez-Aguila, Carmen | B6: 33.18 | C6: 33.18
D7: =SUM(B3:C6) -> 296.14
A10: Payroll 4/11/11 | B10: Employee Contribution | C10: Employer Contribution | D10: Amount Due
A11: Crostic, Deanna | B11: 124.25 | C11: 53.25
A12: Darr, Melanie | B12: 23.49 | C12: 23.49
A13: Gandara, Araceli | B13: 20.4 | C13: 20.4
A14: Martinez-Aguila, Carmen | B14: 33.18 | C14: 33.18
D15: =SUM(B11:C14) -> 331.64
A18: Payroll 4/18/11 | B18: Employee Contribution | C18: Employer Contribution | D18: Amount Due
A19: Crostic, Deanna | B19: 124.25 | C19: 53.25
A20: Darr, Melanie | B20: 19.58 | C20: 19.58
A21: Gandara, Araceli | B21: 20.4 | C21: 20.4
A22: Martinez-Aguila, Carmen | B22: 20.4 | C22: 20.4
D23: =SUM(B19:C22) -> 298.26
A25: Payroll 4/25/11 | B25: Employee Contribution | C25: Employer Contribution | D25: Amount Due
A26: Crostic, Deanna | B26: 99.4 | C26: 42.6
A27: Darr, Melanie | B27: 23.49 | C27: 23.49
A28: Gandara, Araceli | B28: 20.4 | C28: 20.4
A29: Martinez-Aguila, Carmen
D30: =SUM(B26:C29) -> 229.78
A32: Balance due April 2011 | D32: =D7+D15+D23+D30 -> 1155.82

Sheet May 2011
A1: Home Protection Associates
A2: Payroll 5/7/11 | B2: employee contribution | C2: Employer Contribution | D2: Amount Due
A3: Crostic, Deanna | B3: 99.4 | C3: 42.6
A4: Darr, Melanie | B4: 21.86 | C4: 21.86
A5: Gandara, Araceli | B5: 20.4 | C5: 20.4
A6: Martinez-Aguila, Carmen | B6: 33.18 | C6: 33.18
D7: =SUM(B3:C6) -> 292.88
A10: Payroll 5/14/11 | B10: Employee Contribution | C10: Employer Contribution | D10: Amount Due
A11: Crostic, Deanna | B11: 99.4 | C11: 42.6
A12: Darr, Melanie | B12: 23.49 | C12: 23.49
A13: Gandara, Araceli | B13: 20.4 | C13: 20.4
A14: Martinez-Aguila, Carmen | B14: 33.18 | C14: 33.18
D15: =SUM(B11:C14) -> 296.14
A18: Payroll 5/21/11 | B18: Employee Contribution | C18: Employer Contribution | D18: Amount Due
A19: Crostic, Deanna | B19: 99.4 | C19: 42.6
A20: Darr, Melanie | B20: 23.33 | C20: 23.33
A21: Gandara, Araceli | B21: 19.89 | C21: 19.89
A22: Martinez-Aguila, Carmen | B22: 33.18 | C22: 33.18
D23: =SUM(B19:C22) -> 294.8
A25: Payroll5/28/11 | B25: Employee Contribution | C25: Employer Contribution | D25: Amount Due
A26: Crostic, Deanna | B26: 124.25 | C26: 53.25
A27: Darr, Melanie | B27: 23.49 | C27: 23.49
A28: Gandara, Araceli | B28: 20.4 | C28: 20.4
A29: Martinez-Aguila, Carmen | B29: 33.18 | C29: 33.18
D30: =SUM(B26:C29) -> 331.64
A32: Balance due May 2011 | D32: =D7+D15+D23+D30 -> 1215.46

Sheet June 2011
A1: Home Protection Associates
A2: Payroll 6/4/11 | B2: employee contribution | C2: Employer Contribution | D2: Amount Due
A3: Crostic, Deanna | B3: 99.4 | C3: 42.6
A4: Darr, Melanie | B4: 23.49 | C4: 23.49
A5: Gandara, Araceli | B5: 20.4 | C5: 20.4
A6: Martinez-Aguila, Carmen | B6: 33.18 | C6: 33.18
D7: =SUM(B3:C6) -> 296.14
A10: Payroll 6/11/11 | B10: Employee Contribution | C10: Employer Contribution | D10: Amount Due
A11: Crostic, Deanna | B11: 99.4 | C11: 42.6
A12: Darr, Melanie | B12: 23.49 | C12: 23.49
A13: Gandara, Araceli | B13: 20.4 | C13: 20.4
A14: Martinez-Aguila, Carmen | B14: 33.18 | C14: 33.18
D15: =SUM(B11:C14) -> 296.14
A18: Payroll6/18/11 | B18: Employee Contribution | C18: Employer Contribution | D18: Amount Due
A19: Crostic, Deanna | B19: 99.4 | C19: 42.6
A20: Darr, Melanie | B20: 22.19 | C20: 22.19
A21: Gandara, Araceli | B21: 20.4 | C21: 20.4
A22: Martinez-Aguila, Carmen | B22: 32.97 | C22: 32.97
D23: =SUM(B19:C22) -> 293.12
A25: Payroll 6/25/11 | B25: Employee Contribution | C25: Employer Contribution | D25: Amount Due
A26: Crostic, Deanna | B26: 99.4 | C26: 42.6
A27: Darr, Melanie | B27: 23.49 | C27: 23.49
A28: Gandara, Araceli | B28: 20.4 | C28: 20.4
A29: Martinez-Aguila, Carmen | B29: 33.18 | C29: 33.18
D30: =SUM(B26:C29) -> 296.14
A32: Balance due June 2011 | D32: =D7+D15+D23+D30 -> 1181.54

Sheet July 2011
A1: Home Protection Associates
A2: Payroll 7/1/11 | B2: employee contribution | C2: Employer Contribution | D2: Amount Due
A3: Crostic, Deanna | B3: 99.4 | C3: 42.6
A4: Darr, Melanie | B4: 20.88 | C4: 20.88
A5: Gandara, Araceli | B5: 19.38 | C5: 19.38
A6: Martinez-Aguila, Carmen | B6: 33.18 | C6: 33.18
D7: =SUM(B3:C6) -> 288.88
A10: Payroll 7/11/11 | B10: Employee Contribution | C10: Employer Contribution | D10: Amount Due
A11: Crostic, Deanna | B11: 119.28 | C11: 51.12
A12: Darr, Melanie | B12: 23.49 | C12: 23.49
A13: Gandara, Araceli | B13: 16.32 | C13: 16.32
A14: Martinez-Aguila, Carmen | B14: 33.18 | C14: 33.18
D15: =SUM(B11:C14) -> 316.38
A18: Payroll 7/18/11 | B18: Employee Contribution | C18: Employer Contribution | D18: Amount Due
A19: Crostic, Deanna | B19: 99.4 | C19: 42.6
A20: Darr, Melanie | B20: 22.84 | C20: 22.84
A21: Gandara, Araceli | B21: 18.36 | C21: 18.36
A22: Martinez-Aguila, Carmen | B22: 33.18 | C22: 33.18
D23: =SUM(B19:C22) -> 290.76
A25: Payroll 7/25/11 | B25: Employee Contribution | C25: Employer Contribution | D25: Amount Due
A26: Crostic, Deanna | B26: 99.4 | C26: 42.6
A27: Darr, Melanie | B27: 23.49 | C27: 23.49
A28: Gandara, Araceli | B28: 18.36 | C28: 18.36
A29: Martinez-Aguila, Carmen | B29: 33.18 | C29: 33.18
D30: =SUM(B26:C29) -> 292.06
A32: Balance due July 2011 | D32: =D7+D15+D23+D30 -> 1188.08

Sheet August 2011 
A1: Home Protection Associates
A2: Payroll 8/8/11 | B2: employee contribution | C2: Employer Contribution | D2: Amount Due
A3: Crostic, Deanna | B3: 122.64 | C3: 52.56
A4: Darr, Melanie | B4: 24.57 | C4: 24.57
A5: Gandara, Araceli | B5: 19.44 | C5: 19.44
A6: Martinez-Aguila, Carmen | B6: 34.38 | C6: 34.38
D7: =SUM(B3:C6) -> 331.98
A10: Payroll 8/15/11 | B10: Employee Contribution | C10: Employer Contribution | D10: Amount Due
A11: Crostic, Deanna | B11: 102.2 | C11: 43.8
A12: Darr, Melanie | B12: 24.23 | C12: 24.23
A13: Gandara, Araceli | B13: 17.28 | C13: 17.28
A14: Martinez-Aguila, Carmen | B14: 34.38 | C14: 34.38
D15: =SUM(B11:C14) -> 297.78
A18: Payroll 8/22/11 | B18: Employee Contribution | C18: Employer Contribution | D18: Amount Due
A19: Crostic, Deanna | B19: 102.2 | C19: 102.2
A20: Darr, Melanie | B20: 24.57 | C20: 24.57
A21: Gandara, Araceli | B21: 21.6 | C21: 21.6
A22: Martinez-Aguila, Carmen | B22: 34.38 | C22: 34.38
D23: =SUM(B19:C22) -> 365.5
A25: Payroll 8/29/11 | B25: Employee Contribution | C25: Employer Contribution | D25: Amount Due
A26: Crostic, Deanna | B26: 102.2 | C26: 43.8
A27: Darr, Melanie | B27: 24.57 | C27: 24.57
A28: Gandara, Araceli | B28: 21.6 | C28: 21.6
A29: Martinez-Aguila, Carmen | B29: 34.38 | C29: 34.38
D30: =SUM(B26:C29) -> 307.1
A32: Balance due Aug 2011 | D32: =D7+D15+D23+D30 -> 1302.36

Sheet Sept 2011 
A1: Home Protection Associates
A2: Payroll 9/3/11 | B2: employee contribution | C2: Employer Contribution | D2: Amount Due
A3: Crostic, Deanna | B3: 102.2 | C3: 43.8
A4: Darr, Melanie | B4: 24.57 | C4: 24.57
A5: Gandara, Araceli | B5: 19.44 | C5: 19.44
A6: Martinez-Aguila, Carmen | B6: 34.38 | C6: 34.38
D7: =SUM(B3:C6) -> 302.78
A10: Payroll 9/10/11 | B10: Employee Contribution | C10: Employer Contribution | D10: Amount Due
A11: Crostic, Deanna | B11: 102.2 | C11: 43.8
A12: Darr, Melanie | B12: 24.57 | C12: 24.57
A13: Gandara, Araceli | B13: 21.6 | C13: 21.6
A14: Martinez-Aguila, Carmen | B14: 34.38 | C14: 34.38
D15: =SUM(B11:C14) -> 307.1
A18: Payroll 9/17/11 | B18: Employee Contribution | C18: Employer Contribution | D18: Amount Due
A19: Crostic, Deanna | B19: 102.2 | C19: 43.8
A20: Darr, Melanie | B20: 24.57 | C20: 24.57
A21: Gandara, Araceli | B21: 21.6 | C21: 21.6
A22: Martinez-Aguila, Carmen | B22: 34.38 | C22: 34.38
D23: =SUM(B19:C22) -> 307.1
A25: Payroll 9/24/11 | B25: Employee Contribution | C25: Employer Contribution | D25: Amount Due
A26: Crostic, Deanna | B26: 102.2 | C26: 43.8
A27: Darr, Melanie | B27: 24.57 | C27: 24.57
A28: Gandara, Araceli | B28: 21.6 | C28: 21.6
A29: Martinez-Aguila, Carmen | B29: 34.38 | C29: 34.38
D30: =SUM(B26:C29) -> 307.1
A32: Balance due Sept 2011 | D32: =D7+D15+D23+D30 -> 1224.08

Sheet Oct 2011  
A1: Home Protection Associates
A2: Payroll10/1/11 | B2: employee contribution | C2: Employer Contribution | D2: Amount Due
A3: Crostic, Deanna | B3: 102.2 | C3: 43.8
A4: Darr, Melanie | B4: 24.57 | C4: 24.57
A5: Gandara, Araceli | B5: 21.6 | C5: 21.6
A6: Martinez-Aguila, Carmen | B6: 34.38 | C6: 34.38
D7: =SUM(B3:C6) -> 307.1
A10: Payroll 10/8/11 | B10: Employee Contribution | C10: Employer Contribution | D10: Amount Due
A11: Crostic, Deanna | B11: 102.2 | C11: 43.8
A12: Darr, Melanie | B12: 24.57 | C12: 24.57
A13: Gandara, Araceli | B13: 21.6 | C13: 21.6
A14: Martinez-Aguila, Carmen | B14: 34.38 | C14: 34.38
D15: =SUM(B11:C14) -> 307.1
A18: Payroll 10/15/11 | B18: Employee Contribution | C18: Employer Contribution | D18: Amount Due
A19: Crostic, Deanna | B19: 122.64 | C19: 52.56
A20: Darr, Melanie | B20: 24.57 | C20: 24.57
A21: Gandara, Araceli | B21: 21.6 | C21: 21.6
A22: Martinez-Aguila, Carmen | B22: 34.38 | C22: 34.38
D23: =SUM(B19:C22) -> 336.3
A25: Payroll10/22/11 | B25: Employee Contribution | C25: Employer Contribution | D25: Amount Due
A26: Crostic, Deanna | B26: 102.2 | C26: 43.8
A27: Darr, Melanie | B27: 24.57 | C27: 24.57
A28: Gandara, Araceli | B28: 21.6 | C28: 21.6
A29: Martinez-Aguila, Carmen | B29: 35.67 | C29: 35.67
D30: =SUM(B26:C29) -> 309.68
A31: Payroll10/29/11 | B31: Employee Contribution | C31: Employer Contribution | D31: Amount Due
A32: Crostic, Deanna | B32: 102.2 | C32: 43.8
A33: Darr, Melanie | B33: 24.57 | C33: 24.57
A34: Gandara, Araceli | B34: 21.6 | C34: 21.6
A35: Martinez-Aguila, Carmen | B35: 34.38 | C35: 34.38
D36: =SUM(B32:C35) -> 307.1
A38: Total Oct | D38: =D36+D30+D23+D15+D7 -> 1567.28

Sheet Nov 2011
A1: Home Protection Associates
A2: Payroll 11/7/11 | B2: employee contribution | C2: Employer Contribution | D2: Amount Due
A3: Crostic, Deanna | B3: 102.2 | C3: 43.8
A4: Darr, Melanie | B4: 21.84 | C4: 21.84
A5: Gandara, Araceli | B5: 21.6 | C5: 21.6
A6: Martinez-Aguila, Carmen | B6: 34.38 | C6: 34.38
D7: =SUM(B3:C6) -> 301.64
A10: Payroll 11/14/11 | B10: Employee Contribution | C10: Employer Contribution | D10: Amount Due
A11: Crostic, Deanna | B11: 102.2 | C11: 43.8
A12: Darr, Melanie | B12: 24.57 | C12: 24.57
A13: Gandara, Araceli | B13: 21.6 | C13: 21.6
A14: Martinez-Aguila, Carmen | B14: 34.38 | C14: 34.38
D15: =SUM(B11:C14) -> 307.1
A18: Payroll 11/21/11 | B18: Employee Contribution | C18: Employer Contribution | D18: Amount Due
A19: Crostic, Deanna | B19: 102.2 | C19: 43.8
A20: Darr, Melanie | B20: 24.57 | C20: 24.57
A21: Gandara, Araceli | B21: 21.6 | C21: 21.6
A22: Martinez-Aguila, Carmen | B22: 34.38 | C22: 34.38
D23: =SUM(B19:C22) -> 307.1
A25: Payroll 11/28/11 | B25: Employee Contribution | C25: Employer Contribution | D25: Amount Due
A26: Crostic, Deanna | B26: 102.2 | C26: 43.8
A27: Darr, Melanie | B27: 24.57 | C27: 24.57
A28: Gandara, Araceli | B28: 21.6 | C28: 21.6
A29: Martinez-Aguila, Carmen | B29: 34.38 | C29: 34.38
D30: =SUM(B26:C29) -> 307.1
A31: Payroll | B31: Employee Contribution | C31: Employer Contribution | D31: Amount Due
A32: Crostic, Deanna
A33: Darr, Melanie
A34: Gandara, Araceli
A35: Martinez-Aguila, Carmen
D36: =SUM(B32:C35) -> 0
A38: Total Nov | D38: =D36+D30+D23+D15+D7 -> 1222.94

Sheet Dec 2011 
A1: Home Protection Associates
A2: Payroll 12/5/11 | B2: employee contribution | C2: Employer Contribution | D2: Amount Due
A3: Crostic, Deanna | B3: 102.2 | C3: 43.8
A4: Darr, Melanie | B4: 24.57 | C4: 24.57
A5: Gandara, Araceli | B5: 21.6 | C5: 21.6
A6: Martinez-Aguila, Carmen | B6: 34.38 | C6: 34.38
D7: =SUM(B3:C6) -> 307.1
A10: Payroll 12/12/11 | B10: Employee Contribution | C10: Employer Contribution | D10: Amount Due
A11: Crostic, Deanna | B11: 102.2 | C11: 43.8
A12: Darr, Melanie | B12: 24.57 | C12: 24.57
A13: Gandara, Araceli | B13: 17.28 | C13: 17.28
A14: Martinez-Aguila, Carmen | B14: 34.38 | C14: 34.38
D15: =SUM(B11:C14) -> 298.46
A18: Payroll 12/19/11 | B18: Employee Contribution | C18: Employer Contribution | D18: Amount Due
A19: Crostic, Deanna | B19: 102.2 | C19: 43.8
A20: Darr, Melanie | B20: 24.57 | C20: 24.57
A21: Gandara, Araceli | B21: 21.6 | C21: 21.6
A22: Martinez-Aguila, Carmen | B22: 34.38 | C22: 34.38
D23: =SUM(B19:C22) -> 307.1
A25: Payroll 12/24/11 | B25: Employee Contribution | C25: Employer Contribution | D25: Amount Due
A26: Crostic, Deanna | B26: 102.2 | C26: 43.8
A27: Darr, Melanie | B27: 24.23 | C27: 24.23
A28: Gandara, Araceli | B28: 21.6 | C28: 21.6
A29: Martinez-Aguila, Carmen | B29: 34.38 | C29: 34.38
D30: =SUM(B26:C29) -> 306.42
A31: Payroll 12/31/11 | B31: Employee Contribution | C31: Employer Contribution | D31: Amount Due
A32: Crostic, Deanna | B32: 102.2 | C32: 43.8
A33: Darr, Melanie | B33: 27.3 | C33: 27.3
A34: Gandara, Araceli | B34: 21.6 | C34: 21.6
A35: Martinez-Aguila, Carmen | B35: 34.38 | C35: 34.38
D36: =SUM(B32:C35) -> 312.56
A38: Total Dec | D38: =D36+D30+D23+D15+D7 -> 1531.64

Sheet Jan 2012
A1: Home Protection Associates
A2: Payroll 1/9/2012 | B2: employee contribution | C2: Employer Contribution | D2: Amount Due
A3: Crostic, Deanna | B3: 102.2 | C3: 43.8
A4: Darr, Melanie | B4: 24.57 | C4: 24.57
A5: Gandara, Araceli | B5: 17.28 | C5: 17.28
A6: Martinez-Aguila, Carmen | B6: 34.38 | C6: 34.38
D7: =SUM(B3:C6) -> 298.46
A10: Payroll 1/13/2012 | B10: Employee Contribution | C10: Employer Contribution | D10: Amount Due
A11: Crostic, Deanna | B11: 102.2 | C11: 43.8
A12: Darr, Melanie | B12: 24.57 | C12: 24.57
A13: Gandara, Araceli | B13: 21.6 | C13: 21.6
A14: Martinez-Aguila, Carmen | B14: 34.38 | C14: 34.38
D15: =SUM(B11:C14) -> 307.1
A18: Payroll 1/23/2012 | B18: Employee Contribution | C18: Employer Contribution | D18: Amount Due
A19: Crostic, Deanna | B19: 102.2 | C19: 43.8
A20: Darr, Melanie | B20: 24.57 | C20: 24.57
A21: Gandara, Araceli | B21: 21.6 | C21: 21.6
A22: Martinez-Aguila, Carmen | B22: 34.38 | C22: 34.38
D23: =SUM(B19:C22) -> 307.1
A25: Payroll 1/30/2012 | B25: Employee Contribution | C25: Employer Contribution | D25: Amount Due
A26: Crostic, Deanna | B26: 102.2 | C26: 43.8
A27: Darr, Melanie | B27: 24.57 | C27: 24.57
A28: Gandara, Araceli | B28: 21.6 | C28: 21.6
A29: Martinez-Aguila, Carmen | B29: 34.38 | C29: 34.38
D30: =SUM(B26:C29) -> 307.1
A31: Payroll 12/31/11 | B31: Employee Contribution | C31: Employer Contribution | D31: Amount Due
A32: Crostic, Deanna | B32: 102.2 | C32: 43.8
A33: Darr, Melanie | B33: 27.3 | C33: 27.3
A34: Gandara, Araceli | B34: 21.6 | C34: 21.6
A35: Martinez-Aguila, Carmen | B35: 34.38 | C35: 34.38
D36: =SUM(B32:C35) -> 312.56
A38: Total Jan 2012 | D38: =D36+D30+D23+D15+D7 -> 1532.32

Sheet Feb 2012 
A1: Home Protection Associates
A2: Payroll 2/6/2012 | B2: employee contribution | C2: Employer Contribution | D2: Amount Due
A3: Crostic, Deanna | B3: 102.2 | C3: 43.8
A4: Darr, Melanie | B4: 24.57 | C4: 24.57
A5: Gandara, Araceli | B5: 21.6 | C5: 21.6
A6: Martinez-Aguila, Carmen | B6: 34.38 | C6: 34.38
D7: =SUM(B3:C6) -> 307.1
A10: Payroll 2/13/2012 | B10: Employee Contribution | C10: Employer Contribution | D10: Amount Due
A11: Crostic, Deanna | B11: 102.2 | C11: 43.8
A12: Darr, Melanie | B12: 24.57 | C12: 24.57
A13: Gandara, Araceli | B13: 21.6 | C13: 21.6
A14: Martinez-Aguila, Carmen | B14: 34.38 | C14: 34.38
D15: =SUM(B11:C14) -> 307.1
A18: Payroll 2/20/2012 | B18: Employee Contribution | C18: Employer Contribution | D18: Amount Due
A19: Crostic, Deanna | B19: 102.2 | C19: 43.8
A20: Darr, Melanie | B20: 24.57 | C20: 24.57
A21: Gandara, Araceli | B21: 19.44 | C21: 19.44
A22: Martinez-Aguila, Carmen | B22: 34.38 | C22: 34.38
D23: =SUM(B19:C22) -> 302.78
A25: Payroll 2/27/2012 | B25: Employee Contribution | C25: Employer Contribution | D25: Amount Due
A26: Crostic, Deanna | B26: 102.2 | C26: 43.8
A27: Darr, Melanie | B27: 24.57 | C27: 24.57
A28: Gandara, Araceli | B28: 21.6 | C28: 21.6
A29: Martinez-Aguila, Carmen | B29: 34.38 | C29: 34.38
D30: =SUM(B26:C29) -> 307.1
A31: Payroll | B31: Employee Contribution | C31: Employer Contribution | D31: Amount Due
A32: Crostic, Deanna
A33: Darr, Melanie
A34: Gandara, Araceli
A35: Martinez-Aguila, Carmen
D36: =SUM(B32:C35) -> 0
A38: Total Feb 2012 | D38: =D36+D30+D23+D15+D7 -> 1224.08

Sheet March 2012
A1: Home Protection Associates
A2: Payroll 3/5/2012 | B2: employee contribution | C2: Employer Contribution | D2: Amount Due
A3: Crostic, Deanna | B3: 102.2 | C3: 43.8
A4: Darr, Melanie | B4: 24.57 | C4: 24.57
A5: Gandara, Araceli | B5: 21.6 | C5: 21.6
A6: Martinez-Aguila, Carmen | B6: 34.38 | C6: 34.38
D7: =SUM(B3:C6) -> 307.1
A10: Payroll 3/12/2012 | B10: Employee Contribution | C10: Employer Contribution | D10: Amount Due
A11: Crostic, Deanna | B11: 102.2 | C11: 43.8
A12: Darr, Melanie | B12: 24.57 | C12: 24.57
A13: Gandara, Araceli | B13: 21.6 | C13: 21.6
A14: Martinez-Aguila, Carmen | B14: 34.38 | C14: 34.38
D15: =SUM(B11:C14) -> 307.1
A18: Payroll 3/19/2012 | B18: Employee Contribution | C18: Employer Contribution | D18: Amount Due
A19: Crostic, Deanna | B19: 102.2 | C19: 43.8
A20: Darr, Melanie | B20: 24.57 | C20: 24.57
A21: Gandara, Araceli | B21: 21.6 | C21: 21.6
A22: Martinez-Aguila, Carmen | B22: 34.38 | C22: 34.38
D23: =SUM(B19:C22) -> 307.1
A25: Payroll 3/26/2012 | B25: Employee Contribution | C25: Employer Contribution | D25: Amount Due
A26: Crostic, Deanna | B26: 102.2 | C26: 43.8
A27: Darr, Melanie | B27: 24.57 | C27: 24.57
A28: Gandara, Araceli | B28: 21.6 | C28: 21.6
A29: Martinez-Aguila, Carmen | B29: 34.38 | C29: 34.38
D30: =SUM(B26:C29) -> 307.1
A31: Payroll | B31: Employee Contribution | C31: Employer Contribution | D31: Amount Due
A32: Crostic, Deanna
A33: Darr, Melanie
A34: Gandara, Araceli
A35: Martinez-Aguila, Carmen
D36: =SUM(B32:C35) -> 0
A38: Total March 2012 | D38: =D36+D30+D23+D15+D7 -> 1228.4

Sheet April 2012
A1: Home Protection Associates
A2: Payroll 4/2/2012 | B2: employee contribution | C2: Employer Contribution | D2: Amount Due
A3: Crostic, Deanna | B3: 130 | C3: 43.8
A4: Darr, Melanie | B4: 24.57 | C4: 24.57
A5: Gandara, Araceli | B5: 21.6 | C5: 21.6
A6: Martinez-Aguila, Carmen | B6: 34.38 | C6: 34.38
D7: =SUM(B3:C6) -> 334.9
A10: Payroll 4/9/2012 | B10: Employee Contribution | C10: Employer Contribution | D10: Amount Due
A11: Crostic, Deanna | B11: 130 | C11: 43.8
A12: Darr, Melanie | B12: 24.57 | C12: 24.57
A13: Gandara, Araceli | B13: 21.6 | C13: 21.6
A14: Martinez-Aguila, Carmen | B14: 34.38 | C14: 34.38
D15: =SUM(B11:C14) -> 334.9
A18: Payroll 4/16/2012 | B18: Employee Contribution | C18: Employer Contribution | D18: Amount Due
A19: Crostic, Deanna | B19: 130 | C19: 43.8
A20: Darr, Melanie | B20: 24.57 | C20: 24.57
A21: Gandara, Araceli | B21: 21.6 | C21: 21.6
A22: Martinez-Aguila, Carmen | B22: 36.96 | C22: 36.96
D23: =SUM(B19:C22) -> 340.06
A25: Payroll 4/23/2012 | B25: Employee Contribution | C25: Employer Contribution | D25: Amount Due
A26: Crostic, Deanna | B26: 130 | C26: 43.8
A27: Darr, Melanie | B27: 24.57 | C27: 24.57
A28: Gandara, Araceli | B28: 21.6 | C28: 21.6
A29: Martinez-Aguila, Carmen | B29: 35.67 | C29: 35.67
D30: =SUM(B26:C29) -> 337.48
A31: Payroll 4/30/2012 | B31: Employee Contribution | C31: Employer Contribution | D31: Amount Due
A32: Crostic, Deanna | B32: 130 | C32: 43.8
A33: Darr, Melanie | B33: 24.57 | C33: 24.57
A34: Gandara, Araceli | B34: 21.6 | C34: 21.6
A35: Martinez-Aguila, Carmen | B35: 34.38 | C35: 34.38
D36: =SUM(B32:C35) -> 334.9
A38: Total April 2012 | D38: =D36+D30+D23+D15+D7 -> 1682.24

Sheet May 2012
A1: Home Protection Associates
A2: Payroll 5/7/2012 | B2: employee contribution | C2: Employer Contribution | D2: Amount Due
A3: Crostic, Deanna | B3: 130 | C3: 43.8
A4: Darr, Melanie | B4: 24.57 | C4: 24.57
A5: Gandara, Araceli | B5: 21.6 | C5: 21.6
A6: Martinez-Aguila, Carmen | B6: 29.22 | C6: 29.22
D7: =SUM(B3:C6) -> 324.58
A10: Payroll 5/14/2012 | B10: Employee Contribution | C10: Employer Contribution | D10: Amount Due
A11: Crostic, Deanna | B11: 130 | C11: 43.8
A12: Darr, Melanie | B12: 24.57 | C12: 24.57
A13: Gandara, Araceli | B13: 21.6 | C13: 21.6
A14: Martinez-Aguila, Carmen | B14: 34.38 | C14: 34.38
D15: =SUM(B11:C14) -> 334.9
A18: Payroll 5/21/2012 | B18: Employee Contribution | C18: Employer Contribution | D18: Amount Due
A19: Crostic, Deanna | B19: 130 | C19: 43.8
A20: Darr, Melanie | B20: 24.57 | C20: 24.57
A21: Gandara, Araceli | B21: 21.6 | C21: 21.6
A22: Martinez-Aguila, Carmen | B22: 34.38 | C22: 34.38
D23: =SUM(B19:C22) -> 334.9
A25: Payroll 5/25/2012 | B25: Employee Contribution | C25: Employer Contribution | D25: Amount Due
A26: Crostic, Deanna | B26: 130 | C26: 43.8
A27: Darr, Melanie | B27: 24.57 | C27: 24.57
A28: Gandara, Araceli | B28: 21.6 | C28: 21.6
A29: Martinez-Aguila, Carmen | B29: 33.52 | C29: 33.52
D30: =SUM(B26:C29) -> 333.18
A31: Payroll | B31: Employee Contribution | C31: Employer Contribution | D31: Amount Due
A32: Crostic, Deanna
A33: Darr, Melanie
A34: Gandara, Araceli
A35: Martinez-Aguila, Carmen
D36: =SUM(B32:C35) -> 0
A38: Total May 2012 | D38: =D36+D30+D23+D15+D7 -> 1327.56

Sheet June 2012
A1: Home Protection Associates
A2: Payroll 6/4/2012 | B2: employee contribution | C2: Employer Contribution | D2: Amount Due
A3: Crostic, Deanna | B3: 130 | C3: 43.8
A4: Darr, Melanie | B4: 24.57 | C4: 24.57
A5: Gandara, Araceli | B5: 21.6 | C5: 21.6
A6: Martinez-Aguila, Carmen | B6: 34.38 | C6: 34.38
D7: =SUM(B3:C6) -> 334.9
A10: Payroll 6/11/2012 | B10: Employee Contribution | C10: Employer Contribution | D10: Amount Due
A11: Crostic, Deanna | B11: 130 | C11: 43.8
A12: Darr, Melanie | B12: 24.57 | C12: 24.57
A13: Gandara, Araceli | B13: 21.6 | C13: 21.6
A14: Martinez-Aguila, Carmen | B14: 31.8 | C14: 31.8
D15: =SUM(B11:C14) -> 329.74
A18: Payroll 6/18/2012 | B18: Employee Contribution | C18: Employer Contribution | D18: Amount Due
A19: Crostic, Deanna | B19: 130 | C19: 43.8
A20: Darr, Melanie | B20: 24.57 | C20: 24.57
A21: Gandara, Araceli | B21: 21.6 | C21: 21.6
A22: Martinez-Aguila, Carmen | B22: 8.6 | C22: 8.6
D23: =SUM(B19:C22) -> 283.34
A25: Payroll 6/25/2012 | B25: Employee Contribution | C25: Employer Contribution | D25: Amount Due
A26: Crostic, Deanna | B26: 130 | C26: 43.8
A27: Darr, Melanie | B27: 24.57 | C27: 24.57
A28: Gandara, Araceli | B28: 21.6 | C28: 21.6
A29: Martinez-Aguila, Carmen | B29: 8.6 | C29: 8.6
D30: =SUM(B26:C29) -> 283.34
A31: Payroll | B31: Employee Contribution | C31: Employer Contribution | D31: Amount Due
A32: Crostic, Deanna
A33: Darr, Melanie
A34: Gandara, Araceli
A35: Martinez-Aguila, Carmen
D36: =SUM(B32:C35) -> 0
A38: Total June 2012 | D38: =D36+D30+D23+D15+D7 -> 1231.32

Sheet July 2012
A1: Home Protection Associates
A2: Payroll 7/2/12 | B2: employee contribution | C2: Employer Contribution | D2: Amount Due
A3: Crostic, Deanna | B3: 130 | C3: 43.8
A4: Darr, Melanie | B4: 24.57 | C4: 24.57
A5: Gandara, Araceli | B5: 21.6 | C5: 21.6
A6: Martinez-Aguila, Carmen | B6: 18.91 | C6: 18.91
D7: =SUM(B3:C6) -> 303.96
A10: Payroll 7/9/12 | B10: Employee Contribution | C10: Employer Contribution | D10: Amount Due
A11: Crostic, Deanna | B11: 130 | C11: 43.8
A12: Darr, Melanie | B12: 24.57 | C12: 24.57
A13: Gandara, Araceli | B13: 21.6 | C13: 21.6
A14: Martinez-Aguila, Carmen | B14: 17.19 | C14: 17.19
D15: =SUM(B11:C14) -> 300.52
A18: Payroll 7/16/12 | B18: Employee Contribution | C18: Employer Contribution | D18: Amount Due
A19: Crostic, Deanna | B19: 130 | C19: 43.8
A20: Darr, Melanie | B20: 24.57 | C20: 24.57
A21: Gandara, Araceli | B21: 21.6 | C21: 21.6
A22: Martinez-Aguila, Carmen | B22: 17.19 | C22: 17.19
D23: =SUM(B19:C22) -> 300.52
A25: Payroll 7/23/12 | B25: Employee Contribution | C25: Employer Contribution | D25: Amount Due
A26: Crostic, Deanna | B26: 130 | C26: 43.8
A27: Darr, Melanie | B27: 24.57 | C27: 24.57
A28: Gandara, Araceli | B28: 21.6 | C28: 21.6
A29: Martinez-Aguila, Carmen | B29: 33.52 | C29: 33.52
D30: =SUM(B26:C29) -> 333.18
A31: Payroll 7/30/12 | B31: Employee Contribution | C31: Employer Contribution | D31: Amount Due
A32: Crostic, Deanna | B32: 130 | C32: 43.8
A33: Darr, Melanie | B33: 24.57 | C33: 24.57
A34: Gandara, Araceli | B34: 21.6 | C34: 21.6
A35: Martinez-Aguila, Carmen | B35: 34.38 | C35: 34.38
D36: =SUM(B32:C35) -> 334.9
A38: Total July 2012 | D38: =D36+D30+D23+D15+D7 -> 1573.08

Sheet Aug 2012
A1: Home Protection Associates
A2: Payroll 8/6/12/12 | B2: employee contribution | C2: Employer Contribution | D2: Amount Due
A3: Crostic, Deanna | B3: 130 | C3: 43.8
A4: Darr, Melanie | B4: 24.57 | C4: 24.57
A5: Gandara, Araceli | B5: 21.6 | C5: 21.6
A6: Martinez-Aguila, Carmen | B6: 34.38 | C6: 34.38
D7: =SUM(B3:C6) -> 334.9
A10: Payroll 8/13/12 | B10: Employee Contribution | C10: Employer Contribution | D10: Amount Due
A11: Crostic, Deanna | B11: 130 | C11: 43.8
A12: Darr, Melanie | B12: 24.57 | C12: 24.57
A13: Gandara, Araceli | B13: 21.6 | C13: 21.6
A14: Martinez-Aguila, Carmen | B14: 34.38 | C14: 34.38
D15: =SUM(B11:C14) -> 334.9
A18: Payroll 8/20/12 | B18: Employee Contribution | C18: Employer Contribution | D18: Amount Due
A19: Crostic, Deanna | B19: 130 | C19: 43.8
A20: Darr, Melanie | B20: 24.57 | C20: 24.57
A21: Gandara, Araceli | B21: 18.9 | C21: 18.9
A22: Martinez-Aguila, Carmen | B22: 34.38 | C22: 34.38
D23: =SUM(B19:C22) -> 329.5
A25: Payroll 8/27/12 | B25: Employee Contribution | C25: Employer Contribution | D25: Amount Due
A26: Crostic, Deanna | B26: 130 | C26: 43.8
A27: Darr, Melanie | B27: 24.57 | C27: 24.57
A28: Gandara, Araceli | B28: 5.4 | C28: 5.4
A29: Martinez-Aguila, Carmen | B29: 34.38 | C29: 34.38
D30: =SUM(B26:C29) -> 302.5
A31: Payroll 8/31/12 | B31: Employee Contribution | C31: Employer Contribution | D31: Amount Due
A32: Crostic, Deanna | B32: 130 | C32: 43.8
A33: Darr, Melanie | B33: 26.97 | C33: 26.97
A34: Gandara, Araceli | B34: 19.68 | C34: 19.68
A35: Martinez-Aguila, Carmen | B35: 36.78 | C35: 36.78
D36: =SUM(B32:C35) -> 340.66
A38: Total Aug 2012 | D38: =D36+D30+D23+D15+D7 -> 1642.46

Sheet Sept 2012 
A1: Home Protection Associates
A2: Payroll9/1/12 | B2: employee contribution | C2: Employer Contribution | D2: Amount Due
A3: Crostic, Deanna | B3: 130 | C3: 46.2
A4: Darr, Melanie | B4: 26.97 | C4: 26.97
A5: Gandara, Araceli | B5: 27.56 | C5: 27.56
A6: Martinez-Aguila, Carmen | B6: 36.78 | C6: 36.78
D7: =SUM(B3:C6) -> 358.82
A10: Payroll 9/8/12 | B10: Employee Contribution | C10: Employer Contribution | D10: Amount Due
A11: Crostic, Deanna | B11: 130 | C11: 44.4
A12: Darr, Melanie | B12: 25.11 | C12: 25.11
A13: Gandara, Araceli | B13: 22.2 | C13: 22.2
A14: Martinez-Aguila, Carmen | B14: 34.98 | C14: 34.98
D15: =SUM(B11:C14) -> 338.98
A18: Payroll 9/15/12 | B18: Employee Contribution | C18: Employer Contribution | D18: Amount Due
A19: Crostic, Deanna | B19: 130 | C19: 44.4
A20: Darr, Melanie | B20: 25.11 | C20: 25.11
A21: Gandara, Araceli | B21: 22.2 | C21: 22.2
A22: Martinez-Aguila, Carmen | B22: 34.98 | C22: 34.98
D23: =SUM(B19:C22) -> 338.98
A25: Payroll 9/24/12 | B25: Employee Contribution | C25: Employer Contribution | D25: Amount Due
A26: Crostic, Deanna | B26: 130 | C26: 44.4
A27: Darr, Melanie | B27: 25.11 | C27: 25.11
A28: Gandara, Araceli | B28: 22.2 | C28: 22.2
A29: Martinez-Aguila, Carmen | B29: 27.98 | C29: 27.98
D30: =SUM(B26:C29) -> 324.98
A31: Payroll | B31: Employee Contribution | C31: Employer Contribution | D31: Amount Due
A32: Crostic, Deanna
A33: Darr, Melanie
A34: Gandara, Araceli
A35: Martinez-Aguila, Carmen
D36: =SUM(B32:C35) -> 0
A38: Total | D38: =D36+D30+D23+D15+D7 -> 1361.76

Sheet Oct  2012
A1: Home Protection Associates
A2: Payroll 10/05/12 | B2: employee contribution | C2: Employer Contribution | D2: Amount Due
A3: Crostic, Deanna | B3: 130 | C3: 44.4
A4: Darr, Melanie | B4: 25.11 | C4: 25.11
A5: Gandara, Araceli | B5: 21.65 | C5: 21.5
A6: Martinez-Aguila, Carmen | B6: 34.98 | C6: 34.98
D7: =SUM(B3:C6) -> 337.73
A10: Payroll 10/15/12 | B10: Employee Contribution | C10: Employer Contribution | D10: Amount Due
A11: Crostic, Deanna | B11: 130 | C11: 44.4
A12: Darr, Melanie | B12: 25.11 | C12: 25.11
A13: Gandara, Araceli | B13: 22.2 | C13: 22.2
A14: Martinez-Aguila, Carmen | B14: 31.92 | C14: 31.92
D15: =SUM(B11:C14) -> 332.86
A18: Payroll 10/22/12 | B18: Employee Contribution | C18: Employer Contribution | D18: Amount Due
A19: Crostic, Deanna | B19: 130 | C19: 44.4
A20: Darr, Melanie | B20: 25.11 | C20: 25.11
A21: Gandara, Araceli | B21: 22.2 | C21: 22.2
A22: Martinez-Aguila, Carmen | B22: 34.98 | C22: 34.98
D23: =SUM(B19:C22) -> 338.98
A25: Payroll 10/29/12 | B25: Employee Contribution | C25: Employer Contribution | D25: Amount Due
A26: Crostic, Deanna | B26: 130 | C26: 44.4
A27: Darr, Melanie | B27: 25.11 | C27: 25.11
A28: Gandara, Araceli | B28: 22.2 | C28: 22.2
A29: Martinez-Aguila, Carmen | B29: 34.98 | C29: 34.98
D30: =SUM(B26:C29) -> 338.98
A31: Payroll | B31: Employee Contribution | C31: Employer Contribution | D31: Amount Due
A32: Crostic, Deanna
A33: Darr, Melanie
A34: Gandara, Araceli
A35: Martinez-Aguila, Carmen
D36: =SUM(B32:C35) -> 0
A38: Total | D38: =D36+D30+D23+D15+D7 -> 1348.55

Sheet Nov 2012
A1: Home Protection Associates
A2: Payroll 11/5/12 | B2: employee contribution | C2: Employer Contribution | D2: Amount Due
A3: Crostic, Deanna | B3: 130 | C3: 44.4
A4: Darr, Melanie | B4: 25.11 | C4: 25.11
A5: Gandara, Araceli | B5: 22.2 | C5: 22.2
A6: Martinez-Aguila, Carmen | B6: 34.98 | C6: 34.98
D7: =SUM(B3:C6) -> 338.98
A10: Payroll 11/9/12 | B10: Employee Contribution | C10: Employer Contribution | D10: Amount Due
A11: Crostic, Deanna | B11: 130 | C11: 44.4
A12: Darr, Melanie | B12: 25.11 | C12: 25.11
A13: Gandara, Araceli | B13: 22.2 | C13: 22.2
A14: Martinez-Aguila, Carmen | B14: 34.98 | C14: 34.98
D15: =SUM(B11:C14) -> 338.98
A18: Payroll 11/19/12 | B18: Employee Contribution | C18: Employer Contribution | D18: Amount Due
A19: Crostic, Deanna | B19: 130 | C19: 44.4
A20: Darr, Melanie | B20: 25.11 | C20: 25.11
A21: Gandara, Araceli | B21: 22.2 | C21: 22.2
A22: Martinez-Aguila, Carmen | B22: 32.79 | C22: 32.79
D23: =SUM(B19:C22) -> 334.6
A25: Payroll 11/24/12 | B25: Employee Contribution | C25: Employer Contribution | D25: Amount Due
A26: Crostic, Deanna | B26: 130 | C26: 44.4
A27: Darr, Melanie | B27: 25.11 | C27: 25.11
A28: Gandara, Araceli | B28: 22.2 | C28: 22.2
A29: Martinez-Aguila, Carmen | B29: 34.98 | C29: 34.98
D30: =SUM(B26:C29) -> 338.98
A31: Payroll | B31: Employee Contribution | C31: Employer Contribution | D31: Amount Due
A32: Crostic, Deanna
A33: Darr, Melanie
A34: Gandara, Araceli
A35: Martinez-Aguila, Carmen
D36: =SUM(B32:C35) -> 0
A38: Total | D38: =D36+D30+D23+D15+D7 -> 1351.54

Sheet Dec 2012
A1: Home Protection Associates
A2: Payroll 12/3/12 | B2: employee contribution | C2: Employer Contribution | D2: Amount Due
A3: Crostic, Deanna | B3: 130 | C3: 44.4
A4: Darr, Melanie | B4: 25.11 | C4: 25.11
A5: Gandara, Araceli | B5: 22.2 | C5: 22.2
A6: Martinez-Aguila, Carmen | B6: 33.23 | C6: 33.23
D7: =SUM(B3:C6) -> 335.48
A10: Payroll 12/17/12 | B10: Employee Contribution | C10: Employer Contribution | D10: Amount Due
A11: Crostic, Deanna | B11: 130 | C11: 44.4
A12: Darr, Melanie | B12: 25.11 | C12: 25.11
A13: Gandara, Araceli | B13: 22.2 | C13: 22.2
A14: Martinez-Aguila, Carmen | B14: 34.54 | C14: 34.54
D15: =SUM(B11:C14) -> 338.1
A18: Payroll 12/24/12 | B18: Employee Contribution | C18: Employer Contribution | D18: Amount Due
A19: Crostic, Deanna | B19: 130 | C19: 44.4
A20: Darr, Melanie | B20: 25.11 | C20: 25.11
A21: Gandara, Araceli | B21: 22.2 | C21: 22.2
A22: Martinez-Aguila, Carmen | B22: 34.98 | C22: 34.98
D23: =SUM(B19:C22) -> 338.98
A25: Payroll 12/31/12 | B25: Employee Contribution | C25: Employer Contribution | D25: Amount Due
A26: Crostic, Deanna | B26: 130 | C26: 44.4
A27: Darr, Melanie | B27: 25.11 | C27: 25.11
A28: Gandara, Araceli | B28: 19.99 | C28: 19.99
A29: Martinez-Aguila, Carmen | B29: 31.48 | C29: 31.48
D30: =SUM(B26:C29) -> 327.56
A31: Payroll | B31: Employee Contribution | C31: Employer Contribution | D31: Amount Due
A32: Crostic, Deanna
A33: Darr, Melanie
A34: Gandara, Araceli
A35: Martinez-Aguila, Carmen
D36: =SUM(B32:C35) -> 0
A38: Total | D38: =D36+D30+D23+D15+D7 -> 1340.12

Sheet Jan 2013
A1: Home Protection Associates
A2: Payroll 1/7/13 | B2: employee contribution | C2: Employer Contribution | D2: Amount Due
A3: Crostic, Deanna | B3: 130 | C3: 44.4
A4: Darr, Melanie | B4: 25.11 | C4: 25.11
A5: Gandara, Araceli | B5: 19.98 | C5: 19.98
A6: Martinez-Aguila, Carmen | B6: 34.98 | C6: 34.98
D7: =SUM(B3:C6) -> 334.54
A10: Payroll 1/14/13 | B10: Employee Contribution | C10: Employer Contribution | D10: Amount Due
A11: Crostic, Deanna | B11: 130 | C11: 44.4
A12: Darr, Melanie | B12: 13.95 | C12: 13.95
A13: Gandara, Araceli | B13: 22.2 | C13: 22.2
A14: Martinez-Aguila, Carmen | B14: 34.98 | C14: 34.98
D15: =SUM(B11:C14) -> 316.66
A18: Payroll 1/21/13 | B18: Employee Contribution | C18: Employer Contribution | D18: Amount Due
A19: Crostic, Deanna | B19: 130 | C19: 44.4
A20: Darr, Melanie | B20: 17.44 | C20: 17.44
A21: Gandara, Araceli | B21: 22.2 | C21: 22.2
A22: Martinez-Aguila, Carmen | B22: 34.98 | C22: 34.98
D23: =SUM(B19:C22) -> 323.64
A25: Payroll 1/28/13 | B25: Employee Contribution | C25: Employer Contribution | D25: Amount Due
A26: Crostic, Deanna | B26: 130 | C26: 44.4
A27: Darr, Melanie | B27: 22.32 | C27: 22.32
A28: Gandara, Araceli | B28: 22.2 | C28: 22.2
A29: Martinez-Aguila, Carmen | B29: 34.97 | C29: 34.98
D30: =SUM(B26:C29) -> 333.39
A31: Payroll | B31: Employee Contribution | C31: Employer Contribution | D31: Amount Due
A32: Crostic, Deanna
A33: Darr, Melanie
A34: Gandara, Araceli
A35: Martinez-Aguila, Carmen
D36: =SUM(B32:C35) -> 0
A38: Total | D38: =D36+D30+D23+D15+D7 -> 1308.23

Sheet Feb 2013
A1: Home Protection Associates
A2: Payroll 2/4/13 | B2: employee contribution | C2: Employer Contribution | D2: Amount Due
A3: Crostic, Deanna | B3: 130 | C3: 44.4
A4: Darr, Melanie | B4: 25.11 | C4: 25.11
A5: Gandara, Araceli | B5: 22.2 | C5: 22.2
A6: Martinez-Aguila, Carmen | B6: 34.98 | C6: 34.98
D7: =SUM(B3:C6) -> 338.98
A10: Payroll 2/11/13 | B10: Employee Contribution | C10: Employer Contribution | D10: Amount Due
A11: Crostic, Deanna | B11: 130 | C11: 44.4
A12: Darr, Melanie | B12: 25.11 | C12: 25.11
A13: Gandara, Araceli | B13: 22.2 | C13: 22.2
A14: Martinez-Aguila, Carmen | B14: 34.98 | C14: 34.98
D15: =SUM(B11:C14) -> 338.98
A18: Payroll 2/15/13/13 | B18: Employee Contribution | C18: Employer Contribution | D18: Amount Due
A19: Crostic, Deanna | B19: 130 | C19: 44.4
A20: Darr, Melanie | B20: 25.11 | C20: 25.11
A21: Gandara, Araceli | B21: 22.2 | C21: 22.2
A22: Martinez-Aguila, Carmen | B22: 34.98 | C22: 34.98
D23: =SUM(B19:C22) -> 338.98
A25: Payroll 2/25/13 | B25: Employee Contribution | C25: Employer Contribution | D25: Amount Due
A26: Crostic, Deanna | B26: 130 | C26: 44.4
A27: Darr, Melanie | B27: 25.11 | C27: 25.11
A28: Gandara, Araceli | B28: 17.21 | C28: 17.21
A29: Martinez-Aguila, Carmen | B29: 34.97 | C29: 34.98
D30: =SUM(B26:C29) -> 328.99
A31: Payroll | B31: Employee Contribution | C31: Employer Contribution | D31: Amount Due
A32: Crostic, Deanna
A33: Darr, Melanie
A34: Gandara, Araceli
A35: Martinez-Aguila, Carmen
D36: =SUM(B32:C35) -> 0
A38: Total | D38: =D36+D30+D23+D15+D7 -> 1345.93

Sheet March 2013
A1: Home Protection Associates
A2: Payroll 3/4/13 | B2: employee contribution | C2: Employer Contribution | D2: Amount Due
A3: Crostic, Deanna | B3: 130 | C3: 44.4
A4: Darr, Melanie | B4: 25.11 | C4: 25.11
A5: Gandara, Araceli | B5: 22.2 | C5: 22.2
A6: Martinez-Aguila, Carmen | B6: 34.98 | C6: 34.98
D7: =SUM(B3:C6) -> 338.98
A10: Payroll 3/11/13 | B10: Employee Contribution | C10: Employer Contribution | D10: Amount Due
A11: Crostic, Deanna | B11: 130 | C11: 44.4
A12: Darr, Melanie | B12: 25.11 | C12: 25.11
A13: Gandara, Araceli | B13: 17.76 | C13: 17.76
A14: Martinez-Aguila, Carmen | B14: 34.98 | C14: 34.98
D15: =SUM(B11:C14) -> 330.1
A18: Payroll 3/18/13 | B18: Employee Contribution | C18: Employer Contribution | D18: Amount Due
A19: Crostic, Deanna | B19: 130 | C19: 44.4
A20: Darr, Melanie | B20: 25.11 | C20: 25.11
A21: Gandara, Araceli | B21: 22.2 | C21: 22.2
A22: Martinez-Aguila, Carmen | B22: 34.98 | C22: 34.98
D23: =SUM(B19:C22) -> 338.98
A25: Payroll 3/25/13 | B25: Employee Contribution | C25: Employer Contribution | D25: Amount Due
A26: Crostic, Deanna | B26: 130 | C26: 44.4
A27: Darr, Melanie | B27: 25.11 | C27: 25.11
A28: Gandara, Araceli | B28: 22.2 | C28: 22.2
A29: Martinez-Aguila, Carmen | B29: 30.17 | C29: 30.17
D30: =SUM(B26:C29) -> 329.36
A31: Payroll | B31: Employee Contribution | C31: Employer Contribution | D31: Amount Due
A32: Crostic, Deanna
A33: Darr, Melanie
A34: Gandara, Araceli
A35: Martinez-Aguila, Carmen
D36: =SUM(B32:C35) -> 0
A38: Total | D38: =D36+D30+D23+D15+D7 -> 1337.42

Sheet April 2013
A1: Home Protection Associates
A2: Payroll 4/1/2013 | B2: employee contribution | C2: Employer Contribution | D2: Amount Due
A3: Crostic, Deanna | B3: 130 | C3: 44.4
A4: Darr, Melanie | B4: 25.11 | C4: 25.11
A5: Gandara, Araceli | B5: 17.76 | C5: 17.76
A6: Martinez-Aguila, Carmen | B6: 34.98 | C6: 34.98
D7: =SUM(B3:C6) -> 330.1
A10: Payroll 4/8/13 | B10: Employee Contribution | C10: Employer Contribution | D10: Amount Due
A11: Crostic, Deanna | B11: 130 | C11: 44.4
A12: Darr, Melanie | B12: 14.65 | C12: 14.65
A13: Gandara, Araceli | B13: 22.2 | C13: 22.2
A14: Martinez-Aguila, Carmen | B14: 36.29 | C14: 36.29
D15: =SUM(B11:C14) -> 320.68
A18: Payroll 4/15/13 | B18: Employee Contribution | C18: Employer Contribution | D18: Amount Due
A19: Crostic, Deanna | B19: 130 | C19: 44.4
A20: Darr, Melanie | B20: 19.53 | C20: 19.53
A21: Gandara, Araceli | B21: 22.2 | C21: 22.2
A22: Martinez-Aguila, Carmen | B22: 34.98 | C22: 34.98
D23: =SUM(B19:C22) -> 327.82
A25: Payroll 4/22/13 | B25: Employee Contribution | C25: Employer Contribution | D25: Amount Due
A26: Crostic, Deanna | B26: 130 | C26: 44.4
A27: Darr, Melanie | B27: 25.11 | C27: 25.11
A28: Gandara, Araceli | B28: 22.2 | C28: 22.2
A29: Martinez-Aguila, Carmen | B29: 34.98 | C29: 34.98
D30: =SUM(B26:C29) -> 338.98
A31: Payroll 4/29/13 | B31: Employee Contribution | C31: Employer Contribution | D31: Amount Due
A32: Crostic, Deanna | B32: 130 | C32: 44.4
A33: Darr, Melanie | B33: 25.11 | C33: 25.11
A34: Gandara, Araceli | B34: 22.9 | C34: 22.9
A35: Martinez-Aguila, Carmen | B35: 34.98 | C35: 34.98
D36: =SUM(B32:C35) -> 340.38
A38: Total | D38: =D36+D30+D23+D15+D7 -> 1657.96

Sheet May 2013
A1: Home Protection Associates
A2: 41400 | B2: employee contribution | C2: Employer Contribution | D2: Amount Due
A3: Crostic, Deanna | B3: 130 | C3: 44.4
A4: Darr, Melanie | B4: 25.11 | C4: 25.11
A5: Gandara, Araceli | B5: 22.2 | C5: 22.2
A6: Martinez-Aguila, Carmen | B6: 34.98 | C6: 34.98
D7: =SUM(B3:C6) -> 338.98
A10: Payroll 5/13/2013 | B10: Employee Contribution | C10: Employer Contribution | D10: Amount Due
A11: Crostic, Deanna | B11: 130 | C11: 44.4
A12: Darr, Melanie | B12: 25.11 | C12: 25.11
A13: Gandara, Araceli | B13: 22.2 | C13: 22.2
A14: Martinez-Aguila, Carmen | B14: 33.23 | C14: 33.23
D15: =SUM(B11:C14) -> 335.48
A18: Payroll 5/20/2013 | B18: Employee Contribution | C18: Employer Contribution | D18: Amount Due
A19: Crostic, Deanna | B19: 130 | C19: 44.4
A20: Darr, Melanie | B20: 25.11 | C20: 25.11
A21: Gandara, Araceli | B21: 22.2 | C21: 22.2
A22: Martinez-Aguila, Carmen | B22: 34.98 | C22: 34.98
D23: =SUM(B19:C22) -> 338.98
A25: Payroll 5/24/2013 | B25: Employee Contribution | C25: Employer Contribution | D25: Amount Due
A26: Crostic, Deanna | B26: 130 | C26: 44.4
A27: Darr, Melanie | B27: 25.11 | C27: 25.11
A28: Gandara, Araceli | B28: 22.2 | C28: 22.2
A29: Martinez-Aguila, Carmen | B29: 34.98 | C29: 34.98
D30: =SUM(B26:C29) -> 338.98
A31: Payroll | B31: Employee Contribution | C31: Employer Contribution | D31: Amount Due
A32: Crostic, Deanna
A33: Darr, Melanie
A34: Gandara, Araceli
A35: Martinez-Aguila, Carmen
D36: =SUM(B32:C35) -> 0
A38: Total | D38: =D36+D30+D23+D15+D7 -> 1352.42

Sheet June 2013
A1: Home Protection Associates
A2: 41428 | B2: employee contribution | C2: Employer Contribution | D2: Amount Due
A3: Crostic, Deanna | B3: 130 | C3: 44.4
A4: Darr, Melanie | B4: 25.11 | C4: 25.11
A5: Gandara, Araceli | B5: 22.2 | C5: 22.2
A6: Martinez-Aguila, Carmen | B6: 34.98 | C6: 34.98
D7: =SUM(B3:C6) -> 338.98
A10: Payroll 6/10/13 | B10: Employee Contribution | C10: Employer Contribution | D10: Amount Due
A11: Crostic, Deanna | B11: 130 | C11: 44.4
A12: Darr, Melanie | B12: 25.11 | C12: 25.11
A13: Gandara, Araceli | B13: 20.95 | C13: 20.95
A14: Martinez-Aguila, Carmen | B14: 34.98 | C14: 34.98
D15: =SUM(B11:C14) -> 336.48
A18: Payroll 6/17/13 | B18: Employee Contribution | C18: Employer Contribution | D18: Amount Due
A19: Crostic, Deanna | B19: 130 | C19: 44.4
A20: Darr, Melanie | B20: 25.11 | C20: 25.11
A21: Gandara, Araceli | B21: 22.2 | C21: 22.2
A22: Martinez-Aguila, Carmen | B22: 27.98 | C22: 27.98
D23: =SUM(B19:C22) -> 324.98
A25: Payroll 6/24/13 | B25: Employee Contribution | C25: Employer Contribution | D25: Amount Due
A26: Crostic, Deanna | B26: 130 | C26: 44.4
A27: Darr, Melanie | B27: 25.11 | C27: 25.11
A28: Gandara, Araceli | B28: 22.2 | C28: 22.2
A29: Martinez-Aguila, Carmen | B29: 34.98 | C29: 34.98
D30: =SUM(B26:C29) -> 338.98
A31: Payroll | B31: Employee Contribution | C31: Employer Contribution | D31: Amount Due
A32: Crostic, Deanna
A33: Darr, Melanie
A34: Gandara, Araceli
A35: Martinez-Aguila, Carmen
D36: =SUM(B32:C35) -> 0
A38: Total | D38: =D36+D30+D23+D15+D7 -> 1339.42

Sheet July 2013
A1: Home Protection Associates
A2: 41463 | B2: employee contribution | C2: Employer Contribution | D2: Amount Due
A3: Crostic, Deanna | B3: 130 | C3: 44.4
A4: Darr, Melanie | B4: 25.11 | C4: 25.11
A5: Gandara, Araceli | B5: 22.2 | C5: 22.2
A6: Martinez-Aguila, Carmen | B6: 31.04 | C6: 31.04
D7: =SUM(B3:C6) -> 331.1
A10: Payroll 7/15/13 | B10: Employee Contribution | C10: Employer Contribution | D10: Amount Due
A11: Crostic, Deanna | B11: 130 | C11: 44.4
A12: Darr, Melanie | B12: 27.9 | C12: 27.9
A13: Gandara, Araceli | B13: 22.2 | C13: 22.2
A14: Martinez-Aguila, Carmen | B14: 6.12 | C14: 6.12
D15: =SUM(B11:C14) -> 286.84
A18: Payroll 7/22/13 | B18: Employee Contribution | C18: Employer Contribution | D18: Amount Due
A19: Crostic, Deanna | B19: 130 | C19: 44.4
A20: Darr, Melanie | B20: 25.11 | C20: 25.11
A21: Gandara, Araceli | B21: 22.2 | C21: 22.2
A22: Martinez-Aguila, Carmen | B22: 6.12 | C22: 6.12
D23: =SUM(B19:C22) -> 281.26
A25: Payroll 7/29/13 | B25: Employee Contribution | C25: Employer Contribution | D25: Amount Due
A26: Crostic, Deanna | B26: 130 | C26: 44.4
A27: Darr, Melanie | B27: 25.11 | C27: 25.11
A28: Gandara, Araceli | B28: 22.2 | C28: 22.2
A29: Martinez-Aguila, Carmen | B29: 17.49 | C29: 17.49
D30: =SUM(B26:C29) -> 304
A31: Payroll | B31: Employee Contribution | C31: Employer Contribution | D31: Amount Due
A32: Crostic, Deanna
A33: Darr, Melanie
A34: Gandara, Araceli
A35: Martinez-Aguila, Carmen
D36: =SUM(B32:C35) -> 0
A38: Total | D38: =D36+D30+D23+D15+D7 -> 1203.2

Sheet August 2013
A1: Home Protection Associates
A2: 41491 | B2: employee contribution | C2: Employer Contribution | D2: Amount Due
A3: Crostic, Deanna | B3: 130 | C3: 44.4
A4: Darr, Melanie | B4: 25.11 | C4: 25.11
A5: Gandara, Araceli | B5: 22.2 | C5: 22.2
A6: Martinez-Aguila, Carmen | B6: 22.74 | C6: 22.74
D7: =SUM(B3:C6) -> 314.5
A10: Payroll 8/12/13 | B10: Employee Contribution | C10: Employer Contribution | D10: Amount Due
A11: Crostic, Deanna | B11: 130 | C11: 44.4
A12: Darr, Melanie | B12: 27.9 | C12: 27.9
A13: Gandara, Araceli | B13: 22.2 | C13: 22.2
A14: Martinez-Aguila, Carmen | B14: 34.98 | C14: 34.98
D15: =SUM(B11:C14) -> 344.56
A18: Payroll 8/19/13 | B18: Employee Contribution | C18: Employer Contribution | D18: Amount Due
A19: Crostic, Deanna | B19: 130 | C19: 44.4
A20: Darr, Melanie | B20: 25.11 | C20: 25.11
A21: Gandara, Araceli | B21: 19.98 | C21: 19.98
A22: Martinez-Aguila, Carmen | B22: 24.49 | C22: 24.49
D23: =SUM(B19:C22) -> 313.56
A25: Payroll 8/26/13 | B25: Employee Contribution | C25: Employer Contribution | D25: Amount Due
A26: Crostic, Deanna | B26: 130 | C26: 44.4
A27: Darr, Melanie | B27: 25.11 | C27: 25.11
A28: Gandara, Araceli | B28: 19.98 | C28: 19.98
A29: Martinez-Aguila, Carmen | B29: 7.5 | C29: 7.5
D30: =SUM(B26:C29) -> 279.58
A31: Payroll 8/30/13 | B31: Employee Contribution | C31: Employer Contribution | D31: Amount Due
A32: Crostic, Deanna | B32: 130 | C32: 44.4
A33: Darr, Melanie | B33: 25.11 | C33: 25.11
A34: Gandara, Araceli | B34: 21.51 | C34: 21.51
A35: Martinez-Aguila, Carmen | B35: 16.18 | C35: 16.18
D36: =SUM(B32:C35) -> 300
A38: Total | D38: =D36+D30+D23+D15+D7 -> 1552.2

Sheet Sept 2013
A1: Home Protection Associates
A2: 41526 | B2: employee contribution | C2: Employer Contribution | D2: Amount Due
A3: Crostic, Deanna | B3: 130 | C3: 44.4
A4: Darr, Melanie | B4: 25.11 | C4: 25.11
A5: Gandara, Araceli | B5: 22.2 | C5: 22.2
A6: Martinez-Aguila, Carmen | B6: 31.04 | C6: 31.04
D7: =SUM(B3:C6) -> 331.1
A10: Payroll 9/16/2013 | B10: Employee Contribution | C10: Employer Contribution | D10: Amount Due
A11: Crostic, Deanna | B11: 130 | C11: 44.4
A12: Darr, Melanie | B12: 25.11 | C12: 25.11
A13: Gandara, Araceli | B13: 19.98 | C13: 19.98
A14: Martinez-Aguila, Carmen | B14: 8.75 | C14: 8.75
D15: =SUM(B11:C14) -> 282.08
A18: Payroll 9/23/2013 | B18: Employee Contribution | C18: Employer Contribution | D18: Amount Due
A19: Crostic, Deanna | B19: 130 | C19: 44.4
A20: Darr, Melanie | B20: 25.11 | C20: 25.11
A21: Gandara, Araceli | B21: 22.2 | C21: 22.2
A22: Martinez-Aguila, Carmen | B22: 17.49 | C22: 17.49
D23: =SUM(B19:C22) -> 304
A25: Payroll 9/30/2013 | B25: Employee Contribution | C25: Employer Contribution | D25: Amount Due
A26: Crostic, Deanna | B26: 130 | C26: 44.4
A27: Darr, Melanie | B27: 25.11 | C27: 25.11
A28: Gandara, Araceli | B28: 22.2 | C28: 22.2
A29: Martinez-Aguila, Carmen | B29: 26.24 | C29: 26.24
D30: =SUM(B26:C29) -> 321.5
A31: Payroll | B31: Employee Contribution | C31: Employer Contribution | D31: Amount Due
A32: Crostic, Deanna
A33: Darr, Melanie
A34: Gandara, Araceli
A35: Martinez-Aguila, Carmen
D36: =SUM(B32:C35) -> 0
A38: Total | D38: =D36+D30+D23+D15+D7 -> 1238.68

Sheet Oct 2013 
A1: Home Protection Associates
A2: 41554 | B2: employee contribution | C2: Employer Contribution | D2: Amount Due
A3: Crostic, Deanna | B3: 130 | C3: 44.4
A4: Darr, Melanie | B4: 25.11 | C4: 25.11
A5: Gandara, Araceli | B5: 21.92 | C5: 21.92
A6: Martinez-Aguila, Carmen | B6: 7 | C6: 7
D7: =SUM(B3:C6) -> 282.46
A10: Payroll 10/11/2013 | B10: Employee Contribution | C10: Employer Contribution | D10: Amount Due
A11: Crostic, Deanna | B11: 130 | C11: 44.4
A12: Darr, Melanie | B12: 25.11 | C12: 25.11
A13: Gandara, Araceli | B13: 22.2 | C13: 22.2
A14: Martinez-Aguila, Carmen | B14: 20.99 | C14: 20.99
D15: =SUM(B11:C14) -> 311
A18: Payroll 10/21/2013 | B18: Employee Contribution | C18: Employer Contribution | D18: Amount Due
A19: Crostic, Deanna | B19: 130 | C19: 44.4
A20: Darr, Melanie | B20: 25.11 | C20: 25.11
A21: Gandara, Araceli | B21: 22.2 | C21: 22.2
A22: Martinez-Aguila, Carmen | B22: 22.74 | C22: 22.74
D23: =SUM(B19:C22) -> 314.5
A25: Payroll 10/28/2013 | B25: Employee Contribution | C25: Employer Contribution | D25: Amount Due
A26: Crostic, Deanna | B26: 130 | C26: 44.4
A27: Darr, Melanie | B27: 25.11 | C27: 25.11
A28: Gandara, Araceli | B28: 21.65 | C28: 21.65
A29: Martinez-Aguila, Carmen | B29: 7 | C29: 7
D30: =SUM(B26:C29) -> 281.92
A31: Payroll | B31: Employee Contribution | C31: Employer Contribution | D31: Amount Due
A32: Crostic, Deanna
A33: Darr, Melanie
A34: Gandara, Araceli
A35: Martinez-Aguila, Carmen
D36: =SUM(B32:C35) -> 0
A38: Total | D38: =D36+D30+D23+D15+D7 -> 1189.88

Sheet Nov 2013
A1: Home Protection Associates
A2: 41582 | B2: employee contribution | C2: Employer Contribution | D2: Amount Due
A3: Crostic, Deanna | B3: 130 | C3: 44.4
A4: Darr, Melanie | B4: 25.11 | C4: 25.11
A5: Gandara, Araceli | B5: 13.32 | C5: 13.32
A6: Martinez-Aguila, Carmen | B6: 19.68 | C6: 19.68
D7: =SUM(B3:C6) -> 290.62
A10: Payroll 11/08/2013 | B10: Employee Contribution | C10: Employer Contribution | D10: Amount Due
A11: Crostic, Deanna | B11: 130 | C11: 44.4
A12: Darr, Melanie | B12: 25.11 | C12: 25.11
A13: Gandara, Araceli | B13: 22.2 | C13: 22.2
A14: Martinez-Aguila, Carmen | B14: 26.24 | C14: 26.24
D15: =SUM(B11:C14) -> 321.5
A18: Payroll 11/18/2013 | B18: Employee Contribution | C18: Employer Contribution | D18: Amount Due
A19: Crostic, Deanna | B19: 130 | C19: 44.4
A20: Darr, Melanie | B20: 25.11 | C20: 25.11
A21: Gandara, Araceli | B21: 20.54 | C21: 20.54
A22: Martinez-Aguila, Carmen | B22: 7.43 | C22: 7.43
D23: =SUM(B19:C22) -> 280.56
A25: Payroll 11/25/2013 | B25: Employee Contribution | C25: Employer Contribution | D25: Amount Due
A26: Crostic, Deanna | B26: 130 | C26: 44.4
A27: Darr, Melanie | B27: 25.11 | C27: 25.11
A28: Gandara, Araceli | B28: 22.2 | C28: 22.2
A29: Martinez-Aguila, Carmen | B29: 28.86 | C29: 28.86
D30: =SUM(B26:C29) -> 326.74
A31: Payroll | B31: Employee Contribution | C31: Employer Contribution | D31: Amount Due
A32: Crostic, Deanna
A33: Darr, Melanie
A34: Gandara, Araceli
A35: Martinez-Aguila, Carmen
D36: =SUM(B32:C35) -> 0
A38: Total | D38: =D36+D30+D23+D15+D7 -> 1219.42

Sheet DEC 2013
A1: Home Protection Associates
A2: 41610 | B2: employee contribution | C2: Employer Contribution | D2: Amount Due
A3: Crostic, Deanna | B3: 130 | C3: 44.4
A4: Darr, Melanie | B4: 27.2 | C4: 27.2
A5: Gandara, Araceli | B5: 19.98 | C5: 19.98
A6: Martinez-Aguila, Carmen | B6: 34.98 | C6: 34.98
D7: =SUM(B3:C6) -> 338.72
A10: Payroll 12/09/2013 | B10: Employee Contribution | C10: Employer Contribution | D10: Amount Due
A11: Crostic, Deanna | B11: 130 | C11: 44.4
A12: Darr, Melanie | B12: 25.11 | C12: 25.11
A13: Gandara, Araceli | B13: 22.2 | C13: 22.2
A14: Martinez-Aguila, Carmen | B14: 21.96 | C14: 21.96
D15: =SUM(B11:C14) -> 312.94
A18: Payroll 12/16/2013 | B18: Employee Contribution | C18: Employer Contribution | D18: Amount Due
A19: Crostic, Deanna | B19: 130 | C19: 44.4
A20: Darr, Melanie | B20: 25.11 | C20: 25.11
A21: Gandara, Araceli | B21: 22.2 | C21: 22.2
A22: Martinez-Aguila, Carmen | B22: 13.55 | C22: 13.55
D23: =SUM(B19:C22) -> 296.12
A25: Payroll 12/23/2013 | B25: Employee Contribution | C25: Employer Contribution | D25: Amount Due
A26: Crostic, Deanna | B26: 130 | C26: 44.4
A27: Darr, Melanie | B27: 25.11 | C27: 25.11
A28: Gandara, Araceli | B28: 22.2 | C28: 22.2
A29: Martinez-Aguila, Carmen | B29: 27.98 | C29: 27.98
D30: =SUM(B26:C29) -> 324.98
A31: Payroll 12/30/2013 | B31: Employee Contribution | C31: Employer Contribution | D31: Amount Due
A32: Crostic, Deanna | B32: 130 | C32: 44.4
A33: Darr, Melanie | B33: 25.11 | C33: 25.11
A34: Gandara, Araceli | B34: 22.2 | C34: 22.2
A35: Martinez-Aguila, Carmen | B35: 31.92 | C35: 31.92
D36: =SUM(B32:C35) -> 332.86
A38: Total | D38: =D36+D30+D23+D15+D7 -> 1605.62

Sheet Jan 2014
A1: Home Protection Associates
A2: 41645 | B2: employee contribution | C2: Employer Contribution | D2: Amount Due
A3: Crostic, Deanna | B3: 130 | C3: 44.4
A4: Darr, Melanie | B4: 25.11 | C4: 25.11
A5: Gandara, Araceli | B5: 17.76 | C5: 17.76
A6: Martinez-Aguila, Carmen | B6: 26.24 | C6: 26.24
D7: =SUM(B3:C6) -> 312.62
A10: Payroll 1/13/2014 | B10: Employee Contribution | C10: Employer Contribution | D10: Amount Due
A11: Crostic, Deanna | B11: 130 | C11: 44.4
A12: Darr, Melanie | B12: 25.11 | C12: 25.11
A13: Gandara, Araceli | B13: 18.87 | C13: 18.87
A14: Martinez-Aguila, Carmen | B14: 16.83 | C14: 16.83
D15: =SUM(B11:C14) -> 296.02
A18: Payroll 1/17/14 | B18: Employee Contribution | C18: Employer Contribution | D18: Amount Due
A19: Crostic, Deanna | B19: 130 | C19: 44.4
A20: Darr, Melanie | B20: 25.11 | C20: 25.11
A21: Gandara, Araceli | B21: 22.2 | C21: 22.2
A22: Martinez-Aguila, Carmen | B22: 30.61 | C22: 30.61
D23: =SUM(B19:C22) -> 330.24
A25: Payroll 1/27/2014 | B25: Employee Contribution | C25: Employer Contribution | D25: Amount Due
A26: Crostic, Deanna | B26: 260 | C26: 174.4
A27: Darr, Melanie | B27: 25.11 | C27: 25.11
A28: Gandara, Araceli | B28: 22.2 | C28: 22.2
A29: Martinez-Aguila, Carmen | B29: 24.49 | C29: 24.49
D30: =SUM(B26:C29) -> 578
A31: Payroll | B31: Employee Contribution | C31: Employer Contribution | D31: Amount Due
A32: Crostic, Deanna
A33: Darr, Melanie
A34: Gandara, Araceli
A35: Martinez-Aguila, Carmen
D36: =SUM(B32:C35) -> 0
A38: Total | D38: =D36+D30+D23+D15+D7 -> 1516.88

Sheet Feb 2014
A1: Home Protection Associates
A2: 41673 | B2: employee contribution | C2: Employer Contribution | D2: Amount Due
A3: Crostic, Deanna | B3: 130 | C3: 130
A4: Darr, Melanie | B4: 25.11 | C4: 25.11
A5: Gandara, Araceli | B5: 22.2 | C5: 22.2
A6: Martinez-Aguila, Carmen | B6: 30.61 | C6: 30.61
D7: =SUM(B3:C6) -> 415.84
A10: Payroll 2/10/2014 | B10: Employee Contribution | C10: Employer Contribution | D10: Amount Due
A11: Crostic, Deanna
A12: Darr, Melanie | B12: 25.11 | C12: 25.11
A13: Gandara, Araceli | B13: 22.2 | C13: 22.2
A14: Martinez-Aguila, Carmen | B14: 33.23 | C14: 33.23
D15: =SUM(B11:C14) -> 161.08
A18: Payroll 2/14/2014 | B18: Employee Contribution | C18: Employer Contribution | D18: Amount Due
A19: Crostic, Deanna
A20: Darr, Melanie | B20: 25.11 | C20: 25.11
A21: Gandara, Araceli | B21: 21.37 | C21: 21.37
A22: Martinez-Aguila, Carmen | B22: 34.98 | C22: 34.98
D23: =SUM(B19:C22) -> 162.92
A25: Payroll 2/24/2014 | B25: Employee Contribution | C25: Employer Contribution | D25: Amount Due
A26: Crostic, Deanna
A27: Darr, Melanie | B27: 25.11 | C27: 25.11
A28: Gandara, Araceli | B28: 19.98 | C28: 19.98
A29: Martinez-Aguila, Carmen | B29: 34.98 | C29: 34.98
D30: =SUM(B26:C29) -> 160.14
A31: Payroll | B31: Employee Contribution | C31: Employer Contribution | D31: Amount Due
A32: Crostic, Deanna
A33: Darr, Melanie
A34: Gandara, Araceli
A35: Martinez-Aguila, Carmen
D36: =SUM(B32:C35) -> 0
A38: Total | D38: =D36+D30+D23+D15+D7 -> 899.98

Sheet March 2014
A1: Home Protection Associates
A2: 41701 | B2: employee contribution | C2: Employer Contribution | D2: Amount Due
A3: Crostic, Deanna
A4: Darr, Melanie | B4: 25.11 | C4: 25.11
A5: Gandara, Araceli | B5: 22.2 | C5: 22.2
A6: Martinez-Aguila, Carmen | B6: 36.29 | C6: 36.29
D7: =SUM(B3:C6) -> 167.2
A10: 41708 | B10: Employee Contribution | C10: Employer Contribution | D10: Amount Due
A11: Crostic, Deanna
A12: Darr, Melanie | B12: 25.11 | C12: 25.11
A13: Gandara, Araceli | B13: 22.06 | C13: 22.06
A14: Martinez-Aguila, Carmen | B14: 34.98 | C14: 34.98
D15: =SUM(B11:C14) -> 164.3
A18: 41715 | B18: Employee Contribution | C18: Employer Contribution | D18: Amount Due
A19: Crostic, Deanna
A20: Darr, Melanie | B20: 25.11 | C20: 25.11
A21: Gandara, Araceli | B21: 22.2 | C21: 22.2
A22: Martinez-Aguila, Carmen | B22: 17.49 | C22: 17.49
D23: =SUM(B19:C22) -> 129.6
A25: 41722 | B25: Employee Contribution | C25: Employer Contribution | D25: Amount Due
A26: Crostic, Deanna
A27: Darr, Melanie | B27: 25.11 | C27: 25.11
A28: Gandara, Araceli | B28: 22.2 | C28: 22.2
A29: Martinez-Aguila, Carmen | B29: 21.86 | C29: 21.76
D30: =SUM(B26:C29) -> 138.24
A31: 41729 | B31: Employee Contribution | C31: Employer Contribution | D31: Amount Due
A32: Crostic, Deanna
A33: Darr, Melanie | B33: 25.11 | C33: 25.11
A34: Gandara, Araceli | B34: 22.2 | C34: 22.2
A35: Martinez-Aguila, Carmen | B35: 25.21 | C35: 25.21
D36: =SUM(B32:C35) -> 145.04
A38: Total | D38: =D36+D30+D23+D15+D7 -> 744.38

Sheet Apri 2014)
A1: Home Protection Associates
A2: 41736 | B2: employee contribution | C2: Employer Contribution | D2: Amount Due
A4: Darr, Melanie | B4: 25.11 | C4: 25.11
A5: Gandara, Araceli | B5: 22.2 | C5: 22.2
A6: Martinez-Aguila, Carmen | B6: 22.3 | C6: 22.3
D7: =SUM(B3:C6) -> 139.22
A10: 41743 | B10: Employee Contribution | C10: Employer Contribution | D10: Amount Due
A12: Darr, Melanie | B12: 25.11 | C12: 25.11
A13: Gandara, Araceli | B13: 22.2 | C13: 22.2
A14: Martinez-Aguila, Carmen | B14: 28.86 | C14: 28.86
D15: =SUM(B11:C14) -> 152.34
A18: 41750 | B18: Employee Contribution | C18: Employer Contribution | D18: Amount Due
A20: Darr, Melanie | B20: 25.11 | C20: 25.11
A21: Gandara, Araceli | B21: 22.2 | C21: 22.2
A22: Martinez-Aguila, Carmen | B22: 26.24 | C22: 26.24
D23: =SUM(B19:C22) -> 147.1
A25: 41757 | B25: Employee Contribution | C25: Employer Contribution | D25: Amount Due
A27: Darr, Melanie | B27: 25.11 | C27: 25.11
A28: Gandara, Araceli | B28: 19.98 | C28: 19.98
A29: Martinez-Aguila, Carmen | B29: 23.61 | C29: 23.61
D30: =SUM(B26:C29) -> 137.4
B31: Employee Contribution | C31: Employer Contribution | D31: Amount Due
A33: Darr, Melanie
A34: Gandara, Araceli
A35: Martinez-Aguila, Carmen
D36: =SUM(B32:C35) -> 0
A38: Total | D38: =D36+D30+D23+D15+D7 -> 576.06

Sheet May 2014
A1: Home Protection Associates
A2: 41764 | B2: employee contribution | C2: Employer Contribution | D2: Amount Due
A4: Darr, Melanie | B4: 25.11 | C4: 25.11
A5: Gandara, Araceli | B5: 22.2 | C5: 22.2
A6: Martinez-Aguila, Carmen | B6: 11.81 | C6: 11.81
D7: =SUM(B3:C6) -> 118.24
A10: 41771 | B10: Employee Contribution | C10: Employer Contribution | D10: Amount Due
A12: Darr, Melanie | B12: 25.11 | C12: 25.11
A13: Gandara, Araceli | B13: 22.2 | C13: 22.2
A14: Martinez-Aguila, Carmen | B14: 17.49 | C14: 17.49
D15: =SUM(B11:C14) -> 129.6
A18: 41778 | B18: Employee Contribution | C18: Employer Contribution | D18: Amount Due
A20: Darr, Melanie | B20: 25.11 | C20: 25.11
A21: Gandara, Araceli | B21: 22.2 | C21: 22.2
A22: Martinez-Aguila, Carmen | B22: 11.37 | C22: 11.37
D23: =SUM(B19:C22) -> 117.36
A25: 41757 | B25: Employee Contribution | C25: Employer Contribution | D25: Amount Due
A27: Darr, Melanie | B27: 25.11 | C27: 25.11
A28: Gandara, Araceli | B28: 20.54 | C28: 20.54
A29: Martinez-Aguila, Carmen | B29: 13.99 | C29: 13.99
D30: =SUM(B26:C29) -> 119.28
B31: Employee Contribution | C31: Employer Contribution | D31: Amount Due
A33: Darr, Melanie
A34: Gandara, Araceli
A35: Martinez-Aguila, Carmen | B35: 13.99 | C35: 13.99 | D35: Final check
D36: =SUM(B32:C35) -> 27.98
A38: Total | D38: =D36+D30+D23+D15+D7 -> 512.46

Sheet June 2014
A1: Home Protection Associates
A2: 41792 | B2: employee contribution | C2: Employer Contribution | D2: Amount Due
A4: Darr, Melanie | B4: 25.11 | C4: 25.11
A5: Gandara, Araceli | B5: 22.2 | C5: 22.2
D7: =SUM(B3:C6) -> 94.62
A10: 41799 | B10: Employee Contribution | C10: Employer Contribution | D10: Amount Due
A12: Darr, Melanie | B12: 25.11 | C12: 25.11
A13: Gandara, Araceli | B13: 19.98 | C13: 19.98
D15: =SUM(B11:C14) -> 90.18
A18: 41806 | B18: Employee Contribution | C18: Employer Contribution | D18: Amount Due
A20: Darr, Melanie | B20: 25.11 | C20: 25.11
A21: Gandara, Araceli | B21: 22.2 | C21: 22.2
D23: =SUM(B19:C22) -> 94.62
A25: 41813 | B25: Employee Contribution | C25: Employer Contribution | D25: Amount Due
A27: Darr, Melanie | B27: 25.11 | C27: 25.11
A28: Gandara, Araceli | B28: 22.2 | C28: 22.2
D30: =SUM(B26:C29) -> 94.62
A31: 41820 | B31: Employee Contribution | C31: Employer Contribution | D31: Amount Due
A33: Darr, Melanie | B33: 25.11 | C33: 25.11
A34: Gandara, Araceli | B34: 21.09 | C34: 21.09
D36: =SUM(B32:C35) -> 92.4
A38: Total | D38: =D36+D30+D23+D15+D7 -> 466.44

Sheet July 2014
A1: Home Protection Associates
A2: 41827 | B2: employee contribution | C2: Employer Contribution | D2: Amount Due
A4: Darr, Melanie | B4: 25.65 | C4: 25.65
A5: Gandara, Araceli | B5: 18.24 | C5: 18.24
D7: =SUM(B3:C6) -> 87.78
A10: 41834 | B10: Employee Contribution | C10: Employer Contribution | D10: Amount Due
A12: Darr, Melanie | B12: 25.65 | C12: 25.65
A13: Gandara, Araceli | B13: 18.24 | C13: 18.24
D15: =SUM(B11:C14) -> 87.78
A18: 41841 | B18: Employee Contribution | C18: Employer Contribution | D18: Amount Due
A20: Darr, Melanie | B20: 25.65 | C20: 25.65
A21: Gandara, Araceli | B21: 18.24 | C21: 18.24
D23: =SUM(B19:C22) -> 87.78
A25: 41848 | B25: Employee Contribution | C25: Employer Contribution | D25: Amount Due
A27: Darr, Melanie | B27: 25.65 | C27: 25.65
A28: Gandara, Araceli | B28: 18.24 | C28: 18.24
D30: =SUM(B26:C29) -> 87.78
B31: Employee Contribution | C31: Employer Contribution | D31: Amount Due
A33: Darr, Melanie
A34: Gandara, Araceli
D36: =SUM(B32:C35) -> 0
A38: Total | D38: =D36+D30+D23+D15+D7 -> 351.12

Sheet August 2014
A1: Home Protection Associates
A2: 41855 | B2: employee contribution | C2: Employer Contribution | D2: Amount Due
A4: Darr, Melanie | B4: 25.65 | C4: 25.65
A5: Gandara, Araceli | B5: 11.4 | C5: 11.4
D7: =SUM(B3:C6) -> 74.1
A10: 41862 | B10: Employee Contribution | C10: Employer Contribution | D10: Amount Due
A12: Darr, Melanie | B12: 25.65 | C12: 25.65
A13: Gandara, Araceli | B13: 18.24 | C13: 18.24
D15: =SUM(B11:C14) -> 87.78
A18: 41869 | B18: Employee Contribution | C18: Employer Contribution | D18: Amount Due
A20: Darr, Melanie | B20: 25.65 | C20: 25.65
A21: Gandara, Araceli | B21: 21.66 | C21: 21.66
D23: =SUM(B19:C22) -> 94.62
A25: 41876 | B25: Employee Contribution | C25: Employer Contribution | D25: Amount Due
A27: Darr, Melanie | B27: 25.65 | C27: 25.65
A28: Gandara, Araceli | B28: 22.52 | C28: 22.52
D30: =SUM(B26:C29) -> 96.34
B31: Employee Contribution | C31: Employer Contribution | D31: Amount Due
A32: 41880
A33: Darr, Melanie | B33: 25.65 | C33: 25.65
A34: Gandara, Araceli | B34: 22.66 | C34: 22.66
D36: =SUM(B32:C35) -> 96.62
A38: Total | D38: =D36+D30+D23+D15+D7 -> 449.46

Sheet Sept 2014
A1: Home Protection Associates
A2: 41890 | B2: employee contribution | C2: Employer Contribution | D2: Amount Due
A4: Darr, Melanie | B4: 25.65 | C4: 25.65
A5: Gandara, Araceli | B5: 18.24 | C5: 18.24
D7: =SUM(B3:C6) -> 87.78
A10: 41897 | B10: Employee Contribution | C10: Employer Contribution | D10: Amount Due
A12: Darr, Melanie | B12: 25.65 | C12: 25.65
A13: Gandara, Araceli | B13: 22.8 | C13: 22.8
D15: =SUM(B11:C14) -> 96.9
A18: 41904 | B18: Employee Contribution | C18: Employer Contribution | D18: Amount Due
A20: Darr, Melanie | B20: 25.69 | C20: 25.69
A21: Gandara, Araceli | B21: 22.8 | C21: 22.8
D23: =SUM(B19:C22) -> 96.98
A25: 41911 | B25: Employee Contribution | C25: Employer Contribution | D25: Amount Due
A27: Darr, Melanie | B27: 25.65 | C27: 25.65
A28: Gandara, Araceli | B28: 22.8 | C28: 22.8
D30: =SUM(B26:C29) -> 96.9
B31: Employee Contribution | C31: Employer Contribution | D31: Amount Due
A33: Darr, Melanie
A34: Gandara, Araceli
D36: =SUM(B32:C35) -> 0
A38: Total | D38: =D36+D30+D23+D15+D7 -> 378.56

Sheet Oct 2014
A1: Home Protection Associates
A2: Oct 6,2014 | B2: employee contribution | C2: Employer Contribution | D2: Amount Due
A4: Darr, Melanie | B4: 25.65 | C4: 25.65
A5: Gandara, Araceli | B5: 21.52 | C5: 21.52
D7: =SUM(B3:C6) -> 94.34
A10: 41922 | B10: Employee Contribution | C10: Employer Contribution | D10: Amount Due
A12: Darr, Melanie | B12: 25.65 | C12: 25.65
A13: Gandara, Araceli | B13: 22.8 | C13: 22.8
D15: =SUM(B11:C14) -> 96.9
A18: 41932 | B18: Employee Contribution | C18: Employer Contribution | D18: Amount Due
A20: Darr, Melanie | B20: 25.65 | C20: 25.65
A21: Gandara, Araceli | B21: 22.8 | C21: 22.8
D23: =SUM(B19:C22) -> 96.9
A25: 41939 | B25: Employee Contribution | C25: Employer Contribution | D25: Amount Due
A27: Darr, Melanie | B27: 25.65 | C27: 25.65
A28: Gandara, Araceli | B28: 22.23 | C28: 22.23
D30: =SUM(B26:C29) -> 95.76
B31: Employee Contribution | C31: Employer Contribution | D31: Amount Due
A33: Darr, Melanie
A34: Gandara, Araceli
D36: =SUM(B32:C35) -> 0
A38: Total | D38: =D36+D30+D23+D15+D7 -> 383.9

Sheet Nov 2014
A1: Home Protection Associates
A2: Nov 3/2014 | B2: employee contribution | C2: Employer Contribution | D2: Amount Due
A4: Darr, Melanie | B4: 25.65 | C4: 25.65
A5: Gandara, Araceli | B5: 22.23 | C5: 22.23
D7: =SUM(B3:C6) -> 95.76
A10: 41953 | B10: Employee Contribution | C10: Employer Contribution | D10: Amount Due
A12: Darr, Melanie | B12: 25.65 | C12: 25.65
A13: Gandara, Araceli | B13: 13.68 | C13: 13.68
D15: =SUM(B11:C14) -> 78.66
A18: 41960 | B18: Employee Contribution | C18: Employer Contribution | D18: Amount Due
A20: Darr, Melanie | B20: 25.65 | C20: 25.65
A21: Gandara, Araceli | B21: 17.96 | C21: 17.96
D23: =SUM(B19:C22) -> 87.22
A25: 41967 | B25: Employee Contribution | C25: Employer Contribution | D25: Amount Due
A27: Darr, Melanie | B27: 25.65 | C27: 25.65
A28: Gandara, Araceli | B28: 22.8 | C28: 22.8
D30: =SUM(B26:C29) -> 96.9
B31: Employee Contribution | C31: Employer Contribution | D31: Amount Due
A33: Darr, Melanie
A34: Gandara, Araceli
D36: =SUM(B32:C35) -> 0
A38: Total | D38: =D36+D30+D23+D15+D7 -> 358.54

Sheet Dec 2014
A1: Home Protection Associates
A2: Dec 8,2014 | B2: employee contribution | C2: Employer Contribution | D2: Amount Due
A4: Darr, Melanie | B4: 28.5 | C4: 28.5
A5: Gandara, Araceli | B5: 22.52 | C5: 22.52
D7: =SUM(B3:C6) -> 102.04
A10: 41980 | B10: Employee Contribution | C10: Employer Contribution | D10: Amount Due
A12: Darr, Melanie | B12: 25.29 | C12: 25.65
A13: Gandara, Araceli | B13: 22.8 | C13: 13.68
D15: =SUM(B11:C14) -> 87.42
A18: 41995 | B18: Employee Contribution | C18: Employer Contribution | D18: Amount Due
A20: Darr, Melanie | B20: 25.65 | C20: 25.65
A21: Gandara, Araceli | B21: 22.23 | C21: 22.23
D23: =SUM(B19:C22) -> 95.76
A25: 42002 | B25: Employee Contribution | C25: Employer Contribution | D25: Amount Due
A27: Darr, Melanie | B27: 25.65 | C27: 25.65
A28: Gandara, Araceli | B28: 22.8 | C28: 22.8
D30: =SUM(B26:C29) -> 96.9
B31: Employee Contribution | C31: Employer Contribution | D31: Amount Due
A33: Darr, Melanie
A34: Gandara, Araceli
D36: =SUM(B32:C35) -> 0
A38: Total | D38: =D36+D30+D23+D15+D7 -> 382.12

Sheet Jan 2015
A1: Home Protection Associates
A2: Jan 5 2015 | B2: employee contribution | C2: Employer Contribution | D2: Amount Due
A4: Darr, Melanie | B4: 25.65 | C4: 25.65
A5: Gandara, Araceli | B5: 19.38 | C5: 19.38
D7: =SUM(B3:C6) -> 90.06
A10: Jan 12 2015 | B10: Employee Contribution | C10: Employer Contribution | D10: Amount Due
A12: Darr, Melanie | B12: 25.65 | C12: 25.65
A13: Gandara, Araceli | B13: 16.53 | C13: 16.53
D15: =SUM(B11:C14) -> 84.36
A18: Jan 16 2015 | B18: Employee Contribution | C18: Employer Contribution | D18: Amount Due
A20: Darr, Melanie | B20: 25.65 | C20: 25.65
A21: Gandara, Araceli | B21: 22.8 | C21: 22.8
D23: =SUM(B19:C22) -> 96.9
A25: Jan 26 2015 | B25: Employee Contribution | C25: Employer Contribution | D25: Amount Due
A27: Darr, Melanie | B27: 25.65 | C27: 25.65
A28: Gandara, Araceli | B28: 22.8 | C28: 22.8
D30: =SUM(B26:C29) -> 96.9
B31: Employee Contribution | C31: Employer Contribution | D31: Amount Due
A33: Darr, Melanie
A34: Gandara, Araceli
D36: =SUM(B32:C35) -> 0
A38: Total | D38: =D36+D30+D23+D15+D7 -> 368.22

Sheet Feb 2015
A1: Home Protection Associates
A2: 42037 | B2: employee contribution | C2: Employer Contribution | D2: Amount Due
A4: Darr, Melanie | B4: 25.65 | C4: 25.65
A5: Gandara, Araceli | B5: 21.28 | C5: 21.28
D7: =SUM(B3:C6) -> 93.86
A10: 42044 | B10: Employee Contribution | C10: Employer Contribution | D10: Amount Due
A12: Darr, Melanie | B12: 25.65 | C12: 25.65
A13: Gandara, Araceli | B13: 22.66 | C13: 22.66
D15: =SUM(B11:C14) -> 96.62
A18: 42048 | B18: Employee Contribution | C18: Employer Contribution | D18: Amount Due
A20: Darr, Melanie | B20: 25.65 | C20: 25.65
A21: Gandara, Araceli | B21: 21.66 | C21: 21.66
D23: =SUM(B19:C22) -> 94.62
A25: 42058 | B25: Employee Contribution | C25: Employer Contribution | D25: Amount Due
A27: Darr, Melanie | B27: 25.65 | C27: 25.65
A28: Gandara, Araceli | B28: 18.24 | C28: 18.24
D30: =SUM(B26:C29) -> 87.78
B31: Employee Contribution | C31: Employer Contribution | D31: Amount Due
A33: Darr, Melanie
A34: Gandara, Araceli
D36: =SUM(B32:C35) -> 0
A38: Total | D38: =D36+D30+D23+D15+D7 -> 372.88

Sheet March 2015
A1: Home Protection Associates
A2: 42065 | B2: employee contribution | C2: Employer Contribution | D2: Amount Due
A4: Darr, Melanie | B4: 25.65 | C4: 25.65
A5: Gandara, Araceli | B5: 22.8 | C5: 22.8
D7: =SUM(B3:C6) -> 96.9
A10: 42072 | B10: Employee Contribution | C10: Employer Contribution | D10: Amount Due
A12: Darr, Melanie | B12: 25.65 | C12: 25.65
A13: Gandara, Araceli | B13: 22.8 | C13: 22.8
D15: =SUM(B11:C14) -> 96.9
A18: 42079 | B18: Employee Contribution | C18: Employer Contribution | D18: Amount Due
A20: Darr, Melanie | B20: 25.65 | C20: 25.65
A21: Gandara, Araceli | B21: 22.8 | C21: 22.8
D23: =SUM(B19:C22) -> 96.9
A25: 42086 | B25: Employee Contribution | C25: Employer Contribution | D25: Amount Due
A27: Darr, Melanie | B27: 25.65 | C27: 25.65
A28: Gandara, Araceli | B28: 22.8 | C28: 22.8
D30: =SUM(B26:C29) -> 96.9
A31: 42093 | B31: Employee Contribution | C31: Employer Contribution | D31: Amount Due
A33: Darr, Melanie | B33: 25.65 | C33: 25.65
A34: Gandara, Araceli | B34: 22.8 | C34: 22.8
D36: =SUM(B32:C35) -> 96.9
A38: Total | D38: =D36+D30+D23+D15+D7 -> 484.5

Sheet April 2015
A1: Home Protection Associates
A2: 42100 | B2: employee contribution | C2: Employer Contribution | D2: Amount Due
A4: Darr, Melanie | B4: 25.65 | C4: 25.65
A5: Gandara, Araceli | B5: 18.24 | C5: 18.24
D7: =SUM(B3:C6) -> 87.78
A10: 42107 | B10: Employee Contribution | C10: Employer Contribution | D10: Amount Due
A12: Darr, Melanie | B12: 25.65 | C12: 25.65
A13: Gandara, Araceli | B13: 22.8 | C13: 22.8
D15: =SUM(B11:C14) -> 96.9
A18: 42114 | B18: Employee Contribution | C18: Employer Contribution | D18: Amount Due
A20: Darr, Melanie | B20: 25.65 | C20: 25.65
A21: Gandara, Araceli | B21: 22.8 | C21: 22.8
D23: =SUM(B19:C22) -> 96.9
A25: 42121 | B25: Employee Contribution | C25: Employer Contribution | D25: Amount Due
A27: Darr, Melanie | B27: 22.8 | C27: 22.8
A28: Gandara, Araceli | B28: 22.8 | C28: 22.8
D30: =SUM(B26:C29) -> 91.2
B31: Employee Contribution | C31: Employer Contribution | D31: Amount Due
A33: Darr, Melanie
A34: Gandara, Araceli
D36: =SUM(B32:C35) -> 0
A38: Total | D38: =D36+D30+D23+D15+D7 -> 372.78

Sheet May 2015
A1: Home Protection Associates
A2: 42128 | B2: employee contribution | C2: Employer Contribution | D2: Amount Due
A4: Darr, Melanie | B4: 22.8 | C4: 22.8
A5: Gandara, Araceli | B5: 22.8 | C5: 22.8
D7: =SUM(B3:C6) -> 91.2
A10: 42135 | B10: Employee Contribution | C10: Employer Contribution | D10: Amount Due
A12: Darr, Melanie | B12: 25.65 | C12: 25.65
A13: Gandara, Araceli | B13: 22.8 | C13: 22.8
D15: =SUM(B11:C14) -> 96.9
A18: 42142 | B18: Employee Contribution | C18: Employer Contribution | D18: Amount Due
A20: Darr, Melanie | B20: 25.65 | C20: 25.65
A21: Gandara, Araceli | B21: 22.8 | C21: 22.8
D23: =SUM(B19:C22) -> 96.9
A25: 42146 | B25: Employee Contribution | C25: Employer Contribution | D25: Amount Due
A27: Darr, Melanie | B27: 25.65 | C27: 25.65
A28: Gandara, Araceli | B28: 21.09 | C28: 21.09
D30: =SUM(B26:C29) -> 93.48
B31: Employee Contribution | C31: Employer Contribution | D31: Amount Due
A33: Darr, Melanie
A34: Gandara, Araceli
D36: =SUM(B32:C35) -> 0
A38: Total | D38: =D36+D30+D23+D15+D7 -> 378.48

Sheet Sheet1

Sheet June 2015
A1: Home Protection Associates
A2: 42156 | B2: employee contribution | C2: Employer Contribution | D2: Amount Due
A4: Darr, Melanie | B4: 25.65 | C4: 22.8
A5: Gandara, Araceli | B5: 22.8 | C5: 22.8
D7: =SUM(B3:C6) -> 94.05
A10: 42163 | B10: Employee Contribution | C10: Employer Contribution | D10: Amount Due
A12: Darr, Melanie | B12: 17.1 | C12: 25.65
A13: Gandara, Araceli | B13: 22.8 | C13: 22.8
D15: =SUM(B11:C14) -> 88.35
A18: 42170 | B18: Employee Contribution | C18: Employer Contribution | D18: Amount Due
A20: Darr, Melanie | B20: 25.65 | C20: 25.65
A21: Gandara, Araceli | B21: 22.8 | C21: 22.8
D23: =SUM(B19:C22) -> 96.9
A25: 42177 | B25: Employee Contribution | C25: Employer Contribution | D25: Amount Due
A27: Darr, Melanie | B27: 25.65 | C27: 25.65
A28: Gandara, Araceli | B28: 9.12 | C28: 21.09
D30: =SUM(B26:C29) -> 81.51
A31: 42184 | B31: Employee Contribution | C31: Employer Contribution | D31: Amount Due
A33: Darr, Melanie | B33: 25.65 | C33: 25.65
A34: Gandara, Araceli | B34: 22.8 | C34: 22.8
D36: =SUM(B32:C35) -> 96.9
A38: Total | D38: =D36+D30+D23+D15+D7 -> 457.71

Sheet July 2015
A1: Home Protection Associates
A2: 42191 | B2: employee contribution | C2: Employer Contribution | D2: Amount Due
A4: Darr, Melanie | B4: 25.65 | C4: 25.65
A5: Gandara, Araceli | B5: 22.8 | C5: 22.8
D7: =SUM(B3:C6) -> 96.9
A10: 42198 | B10: Employee Contribution | C10: Employer Contribution | D10: Amount Due
A12: Darr, Melanie | B12: 25.65 | C12: 25.65
A13: Gandara, Araceli | B13: 22.8 | C13: 22.8
D15: =SUM(B11:C14) -> 96.9
A18: 42205 | B18: Employee Contribution | C18: Employer Contribution | D18: Amount Due
A20: Darr, Melanie | B20: 25.65 | C20: 25.65
A21: Gandara, Araceli | B21: 22.8 | C21: 22.8
D23: =SUM(B19:C22) -> 96.9
A25: 42212 | B25: Employee Contribution | C25: Employer Contribution | D25: Amount Due
A27: Darr, Melanie | B27: 25.65 | C27: 25.65
A28: Gandara, Araceli | B28: 22.8 | C28: 22.8
D30: =SUM(B26:C29) -> 96.9
B31: Employee Contribution | C31: Employer Contribution | D31: Amount Due
A33: Darr, Melanie
A34: Gandara, Araceli
D36: =SUM(B32:C35) -> 0
A38: Total | D38: =D36+D30+D23+D15+D7 -> 387.6

Sheet Aug 2015
A1: Home Protection Associates
A2: 42219 | B2: employee contribution | C2: Employer Contribution | D2: Amount Due
A4: Darr, Melanie | B4: 25.65 | C4: 25.65
A5: Gandara, Araceli | B5: 22.8 | C5: 22.8
D7: =SUM(B3:C6) -> 96.9
A10: 42226 | B10: Employee Contribution | C10: Employer Contribution | D10: Amount Due
A12: Darr, Melanie | B12: 25.65 | C12: 25.65
A13: Gandara, Araceli | B13: 22.8 | C13: 22.8
D15: =SUM(B11:C14) -> 96.9
A18: 42233 | B18: Employee Contribution | C18: Employer Contribution | D18: Amount Due
A20: Darr, Melanie | B20: 25.65 | C20: 25.65
A21: Gandara, Araceli | B21: 22.8 | C21: 22.8
D23: =SUM(B19:C22) -> 96.9
A25: 42240 | B25: Employee Contribution | C25: Employer Contribution | D25: Amount Due
A27: Darr, Melanie | B27: 25.65 | C27: 25.65
A28: Gandara, Araceli | B28: 22.8 | C28: 22.8
D30: =SUM(B26:C29) -> 96.9
A31: 42247 | B31: Employee Contribution | C31: Employer Contribution | D31: Amount Due
A33: Darr, Melanie | B33: 25.29 | C33: 25.29
A34: Gandara, Araceli | B34: 22.8 | C34: 22.8
D36: =SUM(B32:C35) -> 96.18
A38: Total | D38: =D36+D30+D23+D15+D7 -> 483.78

Sheet Sept 2015
A1: Home Protection Associates
A2: 42251 | B2: employee contribution | C2: Employer Contribution | D2: Amount Due
A4: Darr, Melanie | B4: 25.29 | C4: 25.29
A5: Gandara, Araceli | B5: 22.8 | C5: 22.8
D7: =SUM(B3:C6) -> 96.18
A10: 42261 | B10: Employee Contribution | C10: Employer Contribution | D10: Amount Due
A12: Darr, Melanie | B12: 25.29 | C12: 25.29
A13: Gandara, Araceli | B13: 22.23 | C13: 22.23
D15: =SUM(B11:C14) -> 95.04
A18: 42268 | B18: Employee Contribution | C18: Employer Contribution | D18: Amount Due
B19: 25.29 | C19: 25.29
A20: Darr, Melanie | B20: 22.61 | C20: 22.61
A21: Gandara, Araceli
D23: =SUM(B19:C22) -> 95.8
B25: Employee Contribution | C25: Employer Contribution | D25: Amount Due
A27: Darr, Melanie | B27: 25.29 | C27: 25.29
A28: Gandara, Araceli | B28: 22.8 | C28: 22.8
D30: =SUM(B26:C29) -> 96.18
B31: Employee Contribution | C31: Employer Contribution | D31: Amount Due
A33: Darr, Melanie
A34: Gandara, Araceli
D36: =SUM(B32:C35) -> 0
A38: Total | D38: =D36+D30+D23+D15+D7 -> 383.2

Sheet Oct 2015
A1: Home Protection Associates
A2: 42282 | B2: employee contribution | C2: Employer Contribution | D2: Amount Due
A4: Darr, Melanie | B4: 25.29 | C4: 25.29
A5: Gandara, Araceli | B5: 22.8 | C5: 22.8
D7: =SUM(B3:C6) -> 96.18
A10: 42286 | B10: Employee Contribution | C10: Employer Contribution | D10: Amount Due
A12: Darr, Melanie | B12: 25.29 | C12: 25.29
A13: Gandara, Araceli | B13: 22.8 | C13: 22.8
D15: =SUM(B11:C14) -> 96.18
A18: 42296 | B18: Employee Contribution | C18: Employer Contribution | D18: Amount Due
A20: Darr, Melanie | B20: 25.29 | C20: 25.29
A21: Gandara, Araceli | B21: 23.37 | C21: 23.37
D23: =SUM(B19:C22) -> 97.32
A25: 42303 | B25: Employee Contribution | C25: Employer Contribution | D25: Amount Due
A27: Darr, Melanie | B27: 25.29 | C27: 25.29
A28: Gandara, Araceli | B28: 22.66 | C28: 22.66
D30: =B27+C27+B28+C28 -> 95.9
B31: Employee Contribution | C31: Employer Contribution | D31: Amount Due
A33: Darr, Melanie
A34: Gandara, Araceli
D36: =SUM(B32:C35) -> 0
C37: Paid 11/5/15 | D37: =D23+D30 -> 193.22
A38: Total | C38: paid | D38: =D36+D30+D23+D15+D7 -> 385.58

Sheet Nov 2015
A1: Home Protection Associates
A2: 42310 | B2: employee contribution | C2: Employer Contribution | D2: Amount Due
A4: Darr, Melanie | B4: 25.29 | C4: 25.29
A5: Gandara, Araceli | B5: 22.8 | C5: 22.8
D7: =SUM(B3:C6) -> 96.18
A10: 42317 | B10: Employee Contribution | C10: Employer Contribution | D10: Amount Due
A12: Darr, Melanie | B12: 25.29 | C12: 25.29
A13: Gandara, Araceli | B13: 19.67 | C13: 19.67
D15: =SUM(B11:C14) -> 89.92
B18: Employee Contribution | C18: Employer Contribution | D18: Amount Due
A19: 42324
A20: Darr, Melanie | B20: 25.29 | C20: 25.29
A21: Gandara, Araceli | B21: 22.8 | C21: 22.8
D23: =SUM(B19:C22) -> 96.18
A25: 42331 | B25: Employee Contribution | C25: Employer Contribution | D25: Amount Due
A27: Darr, Melanie | B27: 25.29 | C27: 25.29
A28: Gandara, Araceli | B28: 22.8 | C28: 22.8
D30: =B27+C27+B28+C28 -> 96.18
A31: 42338 | B31: Employee Contribution | C31: Employer Contribution | D31: Amount Due
A33: Darr, Melanie | B33: 25.29 | C33: 25.29
A34: Gandara, Araceli | B34: 22.8 | C34: 22.8
D36: =SUM(B33:C34) -> 96.18
A38: Total | C38: paid | D38: =D36+D30+D23+D15+D7 -> 474.64

Sheet Dec 2015
A1: Home Protection Associates
A2: 42345 | B2: employee contribution | C2: Employer Contribution | D2: Amount Due
A4: Darr, Melanie | B4: 25.29 | C4: 25.29
A5: Gandara, Araceli | B5: 22.8 | C5: 22.8
D7: =SUM(B3:C6) -> 96.18
A10: 42352 | B10: Employee Contribution | C10: Employer Contribution | D10: Amount Due
A12: Darr, Melanie | B12: 25.29 | C12: 25.29
A13: Gandara, Araceli | B13: 22.8 | C13: 22.8
D15: =SUM(B11:C14) -> 96.18
A18: 42359 | B18: Employee Contribution | C18: Employer Contribution | D18: Amount Due
A20: Darr, Melanie | B20: 25.29 | C20: 25.29
A21: Gandara, Araceli | B21: 22.8 | C21: 22.8
D23: =SUM(B19:C22) -> 96.18
B25: Employee Contribution | C25: Employer Contribution | D25: Amount Due
A26: 42340
A27: Darr, Melanie | B27: 25.29 | C27: 25.29
A28: Gandara, Araceli | B28: 22.8 | C28: 22.8
D30: =B27+C27+B28+C28 -> 96.18
B31: Employee Contribution | C31: Employer Contribution | D31: Amount Due
A33: Darr, Melanie
A34: Gandara, Araceli
D36: =SUM(B33:C34) -> 0
A38: Total | C38: paid | D38: =D36+D30+D23+D15+D7 -> 384.72

Sheet Jan 2016
A1: Home Protection Associates
A2: 42373 | B2: employee contribution | C2: Employer Contribution | D2: Amount Due
A4: Darr, Melanie | B4: 26.36 | C4: 26.36
A5: Gandara, Araceli | B5: 22.8 | C5: 22.8
D7: =SUM(B3:C6) -> 98.32
A10: 42380 | B10: Employee Contribution | C10: Employer Contribution | D10: Amount Due
A12: Darr, Melanie | B12: 25.29 | C12: 25.29
A13: Gandara, Araceli | B13: 18.24 | C13: 18.24
D15: =SUM(B11:C14) -> 87.06
A18: 42384 | B18: Employee Contribution | C18: Employer Contribution | D18: Amount Due
A20: Darr, Melanie | B20: 25.29 | C20: 25.29
A21: Gandara, Araceli | B21: 22.8 | C21: 22.8
D23: =SUM(B19:C22) -> 96.18
B25: Employee Contribution | C25: Employer Contribution | D25: Amount Due
A26: 42394
A27: Darr, Melanie | B27: 25.29 | C27: 25.29
A28: Gandara, Araceli | B28: 20.52 | C28: 20.52
D30: =B27+C27+B28+C28 -> 91.62
B31: Employee Contribution | C31: Employer Contribution | D31: Amount Due
A33: Darr, Melanie
A34: Gandara, Araceli
D36: =SUM(B33:C34) -> 0
A38: Total | C38: paid | D38: =D36+D30+D23+D15+D7 -> 373.18

Sheet Feb 2016
A1: Home Protection Associates
A2: 42401 | B2: employee contribution | C2: Employer Contribution | D2: Amount Due
A4: Darr, Melanie | B4: 25.29 | C4: 25.29
A5: Gandara, Araceli | B5: 22.8 | C5: 22.8
D7: =SUM(B3:C6) -> 96.18
A10: 42408 | B10: Employee Contribution | C10: Employer Contribution | D10: Amount Due
A12: Darr, Melanie | B12: 25.12 | C12: 25.12
A13: Gandara, Araceli | B13: 22.8 | C13: 22.8
D15: =SUM(B11:C14) -> 95.84
A18: 42420 | B18: Employee Contribution | C18: Employer Contribution | D18: Amount Due
A20: Darr, Melanie | B20: 25.29 | C20: 25.29
A21: Gandara, Araceli | B21: 22.8 | C21: 22.8
D23: =SUM(B19:C22) -> 96.18
B25: Employee Contribution | C25: Employer Contribution | D25: Amount Due
A26: 42427
A27: Darr, Melanie | B27: 25.29 | C27: 25.29
A28: Gandara, Araceli | B28: 22.8 | C28: 22.8
D30: =B27+C27+B28+C28 -> 96.18
B31: Employee Contribution | C31: Employer Contribution | D31: Amount Due
A33: Darr, Melanie
A34: Gandara, Araceli
D36: =SUM(B33:C34) -> 0
A38: Total | C38: paid | D38: =D36+D30+D23+D15+D7 -> 384.38

Sheet March 2016
A1: Home Protection Associates
B2: employee contribution | C2: Employer Contribution | D2: Amount Due
A3: 42436
A4: Darr, Melanie | B4: 25.29 | C4: 25.29
A5: Gandara, Araceli | B5: 22.8 | C5: 22.8
D7: =SUM(B3:C6) -> 96.18
A10: 42443 | B10: Employee Contribution | C10: Employer Contribution | D10: Amount Due
A12: Darr, Melanie | B12: 25.29 | C12: 25.29
A13: Gandara, Araceli | B13: 22.8 | C13: 22.8
D15: =SUM(B11:C14) -> 96.18
A18: 42450 | B18: Employee Contribution | C18: Employer Contribution | D18: Amount Due
A20: Darr, Melanie | B20: 25.29 | C20: 25.29
A21: Gandara, Araceli | B21: 22.52 | C21: 22.52
D23: =SUM(B19:C22) -> 95.62
B25: Employee Contribution | C25: Employer Contribution | D25: Amount Due
A26: 42457
A27: Darr, Melanie | B27: 23 | C27: 23
A28: Gandara, Araceli | B28: 22.8 | C28: 22.8
D30: =B27+C27+B28+C28 -> 91.6
B31: Employee Contribution | C31: Employer Contribution | D31: Amount Due
A33: Darr, Melanie
A34: Gandara, Araceli
D36: =SUM(B33:C34) -> 0
A38: Total | C38: paid | D38: =D36+D30+D23+D15+D7 -> 379.58

Sheet April 2016
A1: Home Protection Associates
B2: employee contribution | C2: Employer Contribution | D2: Amount Due
A3: 42464
A4: Darr, Melanie | B4: 6.77 | C4: 6.77
A5: Gandara, Araceli | B5: 22.8 | C5: 22.8
D7: =SUM(B3:C6) -> 59.14
A10: 42471 | B10: Employee Contribution | C10: Employer Contribution | D10: Amount Due
A12: Darr, Melanie | B12: 25.29 | C12: 25.29
A13: Gandara, Araceli | B13: 22.8 | C13: 22.8
D15: =SUM(B11:C14) -> 96.18
A18: 42478 | B18: Employee Contribution | C18: Employer Contribution | D18: Amount Due
A20: Darr, Melanie | B20: 25.29 | C20: 25.29
A21: Gandara, Araceli | B21: 22.8 | C21: 22.8
D23: =SUM(B19:C22) -> 96.18
B25: Employee Contribution | C25: Employer Contribution | D25: Amount Due
A26: 42485
A27: Darr, Melanie | B27: 25.29 | C27: 25.29
A28: Gandara, Araceli | B28: 22.8 | C28: 22.8
D30: =B27+C27+B28+C28 -> 96.18
B31: Employee Contribution | C31: Employer Contribution | D31: Amount Due
A33: Darr, Melanie
A34: Gandara, Araceli
D36: =SUM(B33:C34) -> 0
A38: Total | C38: paid | D38: =D36+D30+D23+D15+D7 -> 347.68

Sheet May 2016
A1: Home Protection Associates
B2: employee contribution | C2: Employer Contribution | D2: Amount Due
A3: 42499
A4: Darr, Melanie | B4: 24.4 | C4: 24.4
A5: Gandara, Araceli | B5: 22.8 | C5: 22.8
D7: =SUM(B3:C6) -> 94.4
A10: 42506 | B10: Employee Contribution | C10: Employer Contribution | D10: Amount Due
A12: Darr, Melanie | B12: 25.29 | C12: 25.29
A13: Gandara, Araceli | B13: 22.8 | C13: 22.8
D15: =SUM(B11:C14) -> 96.18
A18: 42513 | B18: Employee Contribution | C18: Employer Contribution | D18: Amount Due
A20: Darr, Melanie | B20: 10.33 | C20: 10.33
A21: Gandara, Araceli | B21: 22.8 | C21: 22.8
D23: =SUM(B19:C22) -> 66.26
B25: Employee Contribution | C25: Employer Contribution | D25: Amount Due
A26: 42517
A27: Darr, Melanie | B27: 10.33 | C27: 10.33
A28: Gandara, Araceli | B28: 22.8 | C28: 22.8
D30: =B27+C27+B28+C28 -> 66.26
B31: Employee Contribution | C31: Employer Contribution | D31: Amount Due
A33: Darr, Melanie
A34: Gandara, Araceli
D36: =SUM(B33:C34) -> 0
A38: Total | C38: paid | D38: =D36+D30+D23+D15+D7 -> 323.1

Sheet June 2016
A1: Home Protection Associates
B2: employee contribution | C2: Employer Contribution | D2: Amount Due
A3: 42527
A4: Darr, Melanie | B4: 25.29 | C4: 25.29
A5: Gandara, Araceli | B5: 17.96 | C5: 17.96
D7: =SUM(B3:C6) -> 86.5
A10: 42534 | B10: Employee Contribution | C10: Employer Contribution | D10: Amount Due
A12: Darr, Melanie | B12: 25.29 | C12: 25.29
A13: Gandara, Araceli | B13: 22.23 | C13: 22.23
D15: =SUM(B11:C14) -> 95.04
A18: 42541 | B18: Employee Contribution | C18: Employer Contribution | D18: Amount Due
A20: Darr, Melanie | B20: 25.29 | C20: 25.29
A21: Gandara, Araceli | B21: 22.8 | C21: 22.8
D23: =SUM(B19:C22) -> 96.18
B25: Employee Contribution | C25: Employer Contribution | D25: Amount Due
A26: 42548
A27: Darr, Melanie | B27: 25.29 | C27: 25.29
A28: Gandara, Araceli | B28: 22.8 | C28: 22.8
D30: =B27+C27+B28+C28 -> 96.18
B31: Employee Contribution | C31: Employer Contribution | D31: Amount Due
A33: Darr, Melanie
A34: Gandara, Araceli
D36: =SUM(B33:C34) -> 0
A38: Total | C38: paid | D38: =D36+D30+D23+D15+D7 -> 373.9

Sheet July 2016
A1: Home Protection Associates
B2: employee contribution | C2: Employer Contribution | D2: Amount Due
A3: 42552
A4: Darr, Melanie | B4: 24.94 | C4: 24.94
A5: Gandara, Araceli | B5: 22.8 | C5: 22.8
D7: =SUM(B3:C6) -> 95.48
A10: 42562 | B10: Employee Contribution | C10: Employer Contribution | D10: Amount Due
A12: Darr, Melanie | B12: 25.29 | C12: 25.29
A13: Gandara, Araceli | B13: 22.8 | C13: 22.8
D15: =SUM(B11:C14) -> 96.18
A18: 42569 | B18: Employee Contribution | C18: Employer Contribution | D18: Amount Due
A20: Darr, Melanie | B20: 25.29 | C20: 25.29
A21: Gandara, Araceli | B21: 22.8 | C21: 22.8
D23: =SUM(B19:C22) -> 96.18
B25: Employee Contribution | C25: Employer Contribution | D25: Amount Due
A26: 42576
A27: Darr, Melanie | B27: 25.29 | C27: 25.29
A28: Gandara, Araceli | B28: 22.8 | C28: 22.8
D30: =B27+C27+B28+C28 -> 96.18
B31: Employee Contribution | C31: Employer Contribution | D31: Amount Due
A33: Darr, Melanie
A34: Gandara, Araceli
D36: =SUM(B33:C34) -> 0
A38: Total | C38: paid | D38: =D36+D30+D23+D15+D7 -> 384.02

Sheet Aug 2016
A1: Home Protection Associates
B2: employee contribution | C2: Employer Contribution | D2: Amount Due
A3: 42583
A4: Darr, Melanie | B4: 25.83 | C4: 25.83
A5: Gandara, Araceli | B5: 23.4 | C5: 23.4
D7: =SUM(B3:C6) -> 98.46
A10: 42590 | B10: Employee Contribution | C10: Employer Contribution | D10: Amount Due
A12: Darr, Melanie | B12: 25.83 | C12: 25.73
A13: Gandara, Araceli | B13: 23.4 | C13: 23.4
D15: =SUM(B11:C14) -> 98.36
A18: 42597 | B18: Employee Contribution | C18: Employer Contribution | D18: Amount Due
A20: Darr, Melanie | B20: 25.83 | C20: 25.83
A21: Gandara, Araceli | B21: 7.6 | C21: 7.6
D23: =SUM(B19:C22) -> 66.86
B25: Employee Contribution | C25: Employer Contribution | D25: Amount Due
A26: 42604
A27: Darr, Melanie | B27: 25.83 | C27: 25.83
A28: Gandara, Araceli | B28: 15.8 | C28: 15.8
D30: =B27+C27+B28+C28 -> 83.26
A31: 42611 | B31: Employee Contribution | C31: Employer Contribution | D31: Amount Due
A33: Darr, Melanie | B33: 25.83 | C33: 25.83
A34: Gandara, Araceli | B34: 23.4 | C34: 23.4
D36: =SUM(B33:C34) -> 98.46
A38: Total | C38: paid | D38: =D36+D30+D23+D15+D7 -> 445.4

Sheet Sept 2016
A1: Home Protection Associates
B2: employee contribution | C2: Employer Contribution | D2: Amount Due
A3: 42615
A4: Darr, Melanie | B4: 25.83 | C4: 25.83
A5: Gandara, Araceli | B5: 23.4 | C5: 23.4
D7: =SUM(B3:C6) -> 98.46
A10: 42625 | B10: Employee Contribution | C10: Employer Contribution | D10: Amount Due
A12: Darr, Melanie | B12: 25.83 | C12: 25.73
A13: Gandara, Araceli | B13: 23.4 | C13: 23.4
D15: =SUM(B11:C14) -> 98.36
A18: 42632 | B18: Employee Contribution | C18: Employer Contribution | D18: Amount Due
A20: Darr, Melanie | B20: 25.83 | C20: 25.83
A21: Gandara, Araceli | B21: 23.4 | C21: 23.4
D23: =SUM(B19:C22) -> 98.46
B25: Employee Contribution | C25: Employer Contribution | D25: Amount Due
A26: 42639
A27: Darr, Melanie | B27: 25.83 | C27: 25.83
A28: Gandara, Araceli | B28: 23.4 | C28: 23.4
D30: =B27+C27+B28+C28 -> 98.46
B31: Employee Contribution | C31: Employer Contribution | D31: Amount Due
A33: Darr, Melanie
A34: Gandara, Araceli
D36: =SUM(B33:C34) -> 0
A38: Total | C38: paid | D38: =D36+D30+D23+D15+D7 -> 393.74

Sheet Oct 2016
A1: Home Protection Associates
B2: employee contribution | C2: Employer Contribution | D2: Amount Due
A3: 10/7/16/2016
A4: Darr, Melanie | B4: 25.1 | C4: 25.1
A5: Gandara, Araceli | B5: 22.23 | C5: 22.23
D7: =SUM(B3:C6) -> 94.66
A10: 42660 | B10: Employee Contribution | C10: Employer Contribution | D10: Amount Due
A12: Darr, Melanie | B12: 25.83 | C12: 25.83
A13: Gandara, Araceli | B13: 23.11 | C13: 23.11
D15: =SUM(B11:C14) -> 97.88
A18: 42667 | B18: Employee Contribution | C18: Employer Contribution | D18: Amount Due
A20: Darr, Melanie | B20: 25.83 | C20: 25.83
A21: Gandara, Araceli | B21: 23.4 | C21: 23.4
D23: =SUM(B19:C22) -> 98.46
B25: Employee Contribution | C25: Employer Contribution | D25: Amount Due
A26: 42674
A27: Darr, Melanie | B27: 25.83 | C27: 25.83
A28: Gandara, Araceli | B28: 23.4 | C28: 23.4
D30: =B27+C27+B28+C28 -> 98.46
B31: Employee Contribution | C31: Employer Contribution | D31: Amount Due
A33: Darr, Melanie
A34: Gandara, Araceli
D36: =SUM(B33:C34) -> 0
A38: Total | C38: paid | D38: =D36+D30+D23+D15+D7 -> 389.46

Sheet Nov 2016
A1: Home Protection Associates
B2: employee contribution | C2: Employer Contribution | D2: Amount Due
A3: 42681
A4: Darr, Melanie | B4: 25.83 | C4: 25.83
A5: Gandara, Araceli | B5: 22.23 | C5: 22.23
D7: =SUM(B3:C6) -> 96.12
A10: 42688 | B10: Employee Contribution | C10: Employer Contribution | D10: Amount Due
A12: Darr, Melanie | B12: 25.83 | C12: 25.83
A13: Gandara, Araceli | B13: 23.4 | C13: 23.4
D15: =SUM(B11:C14) -> 98.46
A18: 42695 | B18: Employee Contribution | C18: Employer Contribution | D18: Amount Due
A20: Darr, Melanie | B20: 25.83 | C20: 25.83
A21: Gandara, Araceli | B21: 23.4 | C21: 23.4
D23: =SUM(B19:C22) -> 98.46
B25: Employee Contribution | C25: Employer Contribution | D25: Amount Due
A26: 42702
A27: Darr, Melanie | B27: 25.83 | C27: 25.83
A28: Gandara, Araceli | B28: 23.4 | C28: 23.4
D30: =B27+C27+B28+C28 -> 98.46
B31: Employee Contribution | C31: Employer Contribution | D31: Amount Due
A33: Darr, Melanie
A34: Gandara, Araceli
D36: =SUM(B33:C34) -> 0
A38: Total | C38: paid | D38: =D36+D30+D23+D15+D7 -> 391.5

Sheet Dec 2016
A1: Home Protection Associates
B2: employee contribution | C2: Employer Contribution | D2: Amount Due
A3: 42709
A4: Darr, Melanie | B4: 25.83 | C4: 25.83
A5: Gandara Araceli | B5: 23.4 | C5: 23.4
D7: =SUM(B3:C6) -> 98.46
A10: 42716 | B10: Employee Contribution | C10: Employer Contribution | D10: Amount Due
A12: Darr, Melanie | B12: 25.83 | C12: 25.83
A13: Gandara, Araceli | B13: 22.52 | C13: 22.52
D15: =SUM(B11:C14) -> 96.7
A17: 42723
B18: Employee Contribution | C18: Employer Contribution | D18: Amount Due
A20: Darr, Melanie | B20: 26.19 | C20: 26.19
A21: Gandara, Araceli | B21: 23.4 | C21: 23.4
D23: =SUM(B19:C22) -> 99.18
B25: Employee Contribution | C25: Employer Contribution | D25: Amount Due
A26: 42730
A27: Darr, Melanie | B27: 25.83 | C27: 25.83
A28: Gandara, Araceli | B28: 23.4 | C28: 23.4
D30: =B27+C27+B28+C28 -> 98.46
B31: Employee Contribution | C31: Employer Contribution | D31: Amount Due
A33: Darr, Melanie
A34: Gandara, Araceli
D36: =SUM(B33:C34) -> 0
A38: Total | C38: paid | D38: =D36+D30+D23+D15+D7 -> 392.8

Sheet Jan 2017
A1: Home Protection Associates
B2: employee contribution | C2: Employer Contribution | D2: Amount Due
A3: 42737
A4: Darr, Melanie | B4: 25.83 | C4: 25.83
A5: Gandara Araceli | B5: 23.4 | C5: 23.4
D7: =SUM(B3:C6) -> 98.46
A10: 42744 | B10: Employee Contribution | C10: Employer Contribution | D10: Amount Due
A12: Darr, Melanie | B12: 25.83 | C12: 25.83
A13: Gandara, Araceli | B13: 23.4 | C13: 23.4
D15: =SUM(B11:C14) -> 98.46
A17: 42751
B18: Employee Contribution | C18: Employer Contribution | D18: Amount Due
A20: Darr, Melanie | B20: 25.83 | C20: 25.83
A21: Gandara, Araceli | B21: 23.4 | C21: 23.4
D23: =SUM(B19:C22) -> 98.46
B25: Employee Contribution | C25: Employer Contribution | D25: Amount Due
A26: 42758
A27: Darr, Melanie | B27: 25.83 | C27: 25.83
A28: Gandara, Araceli | B28: 23.4 | C28: 23.4
D30: =B27+C27+B28+C28 -> 98.46
A31: 42765 | B31: Employee Contribution | C31: Employer Contribution | D31: Amount Due
A33: Darr, Melanie | B33: 26.55 | C33: 26.55
A34: Gandara, Araceli | B34: 23.4 | C34: 23.4
D36: =SUM(B33:C34) -> 99.9
A38: Total | C38: paid | D38: =D36+D30+D23+D15+D7 -> 493.74

Sheet February 2017
A1: Home Protection Associates
B2: employee contribution | C2: Employer Contribution | D2: Amount Due
A3: 42737
A4: Darr, Melanie | B4: 25.83 | C4: 25.83
A5: Gandara Araceli | B5: 23.4 | C5: 23.4
D7: =SUM(B3:C6) -> 98.46
A10: 42772 | B10: Employee Contribution | C10: Employer Contribution | D10: Amount Due
A12: Darr, Melanie | B12: 25.83 | C12: 25.83
A13: Gandara, Araceli | B13: 21.65 | C13: 21.65
D15: =SUM(B11:C14) -> 94.96
A17: 42807
B18: Employee Contribution | C18: Employer Contribution | D18: Amount Due
A20: Darr, Melanie | B20: 25.83 | C20: 25.83
A21: Gandara, Araceli | B21: 22.23 | C21: 22.23
D23: =SUM(B19:C22) -> 96.12
B25: Employee Contribution | C25: Employer Contribution | D25: Amount Due
A26: 42783
A27: Darr, Melanie | B27: 25.83 | C27: 25.83
A28: Gandara, Araceli | B28: 21.06 | C28: 21.06
D30: =B27+C27+B28+C28 -> 93.78
A31: 42793 | B31: Employee Contribution | C31: Employer Contribution | D31: Amount Due
A33: Darr, Melanie | B33: 25.83 | C33: 25.83
A34: Gandara, Araceli | B34: 22.23 | C34: 22.23
D36: =SUM(B33:C34) -> 96.12
A38: Total | C38: paid | D38: =D36+D30+D23+D15+D7 -> 479.44

Sheet March 2017
A1: Home Protection Associates
B2: employee contribution | C2: Employer Contribution | D2: Amount Due
A3: 42800
A4: Darr, Melanie | B4: 25.83 | C4: 25.83
A5: Gandara Araceli | B5: 23.4 | C5: 23.4
D7: =SUM(B3:C6) -> 98.46
A10: 42807 | B10: Employee Contribution | C10: Employer Contribution | D10: Amount Due
A12: Darr, Melanie | B12: 25.83 | C12: 25.83
A13: Gandara, Araceli | B13: 21.35 | C13: 21.35
D15: =SUM(B11:C14) -> 94.36
A17: 42814
B18: Employee Contribution | C18: Employer Contribution | D18: Amount Due
A20: Darr, Melanie | B20: 25.83 | C20: 25.83
A21: Gandara, Araceli | B21: 23.4 | C21: 23.4
D23: =SUM(B19:C22) -> 98.46
B25: Employee Contribution | C25: Employer Contribution | D25: Amount Due
A26: 42821
A27: Darr, Melanie | B27: 25.83 | C27: 25.83
A28: Gandara, Araceli | B28: 23.4 | C28: 23.4
D30: =B27+C27+B28+C28 -> 98.46
B31: Employee Contribution | C31: Employer Contribution | D31: Amount Due
A38: Total | C38: paid | D38: =D36+D30+D23+D15+D7 -> 389.74

Sheet April 2017
A1: Home Protection Associates
B2: employee contribution | C2: Employer Contribution | D2: Amount Due
A3: 42828
A4: Darr, Melanie | B4: 25.83 | C4: 25.83
A5: Gandara Araceli | B5: 23.4 | C5: 23.4
D7: =SUM(B3:C6) -> 98.46
A10: 42835 | B10: Employee Contribution | C10: Employer Contribution | D10: Amount Due
A12: Darr, Melanie | B12: 25.83 | C12: 25.83
A13: Gandara, Araceli | B13: 23.4 | C13: 23.4
D15: =SUM(B11:C14) -> 98.46
A18: 42842 | B18: Employee Contribution | C18: Employer Contribution | D18: Amount Due
A20: Darr, Melanie | B20: 25.83 | C20: 25.83
A21: Gandara, Araceli | B21: 23.4 | C21: 23.4
D23: =SUM(B19:C22) -> 98.46
B25: Employee Contribution | C25: Employer Contribution | D25: Amount Due
A26: 42849
A27: Darr, Melanie | B27: 25.83 | C27: 25.83
A28: Gandara, Araceli | B28: 18.72 | C28: 18.72
D30: =B27+C27+B28+C28 -> 89.1
B31: Employee Contribution | C31: Employer Contribution | D31: Amount Due
A38: Total | C38: paid | D38: =D36+D30+D23+D15+D7 -> 384.48

Sheet May 2017
A1: Home Protection Associates
B2: employee contribution | C2: Employer Contribution | D2: Amount Due
A3: 42856
A4: Darr, Melanie | B4: 25.83 | C4: 25.83
A5: Gandara Araceli | B5: 23.4 | C5: 23.4
D7: =SUM(B3:C6) -> 98.46
A10: 42863 | B10: Employee Contribution | C10: Employer Contribution | D10: Amount Due
A12: Darr, Melanie | B12: 25.83 | C12: 25.83
A13: Gandara, Araceli | B13: 22.96 | C13: 22.96
D15: =SUM(B11:C14) -> 97.58
A18: 42870 | B18: Employee Contribution | C18: Employer Contribution | D18: Amount Due
A20: Darr, Melanie | B20: 25.83 | C20: 25.83
A21: Gandara, Araceli | B21: 23.4 | C21: 23.4
D23: =SUM(B19:C22) -> 98.46
A25: 42877 | B25: Employee Contribution | C25: Employer Contribution | D25: Amount Due
A27: Darr, Melanie | B27: 25.83 | C27: 25.83
A28: Gandara, Araceli | B28: 23.4 | C28: 23.4
D30: =B27+C27+B28+C28 -> 98.46
A31: 42884 | B31: Employee Contribution | C31: Employer Contribution | D31: Amount Due
A33: Darr, Melanie | B33: 25.83 | C33: 25.83
A34: Gandara, Araceli | B34: 23.4 | C34: 23.4
A38: Total | C38: paid | D38: =D36+D30+D23+D15+D7 -> 392.96

Sheet June 2017
A1: Home Protection Associates
B2: employee contribution | C2: Employer Contribution | D2: Amount Due
A3: 42891
A4: Darr, Melanie | B4: 25.83 | C4: 25.83
A5: Gandara Araceli | B5: 23.4 | C5: 23.4
D7: =SUM(B3:C6) -> 98.46
A10: 42898 | B10: Employee Contribution | C10: Employer Contribution | D10: Amount Due
A12: Darr, Melanie | B12: 27.83 | C12: 27.83
A13: Gandara, Araceli | B13: 21.94 | C13: 21.94
D15: =SUM(B11:C14) -> 99.54
A18: 42905 | B18: Employee Contribution | C18: Employer Contribution | D18: Amount Due
A20: Darr, Melanie | B20: 25.83 | C20: 25.83
A21: Gandara, Araceli | B21: 23.4 | C21: 23.4
D23: =SUM(B19:C22) -> 98.46
A25: 42912 | B25: Employee Contribution | C25: Employer Contribution | D25: Amount Due
A27: Darr, Melanie | B27: 25.83 | C27: 25.83
A28: Gandara, Araceli | B28: 23.4 | C28: 23.4
D30: =B27+C27+B28+C28 -> 98.46
B31: Employee Contribution | C31: Employer Contribution | D31: Amount Due
A33: Darr, Melanie
A34: Gandara, Araceli
A38: Total | C38: paid | D38: =D36+D30+D23+D15+D7 -> 394.92

Sheet July 2017
A1: Home Protection Associates
B2: employee contribution | C2: Employer Contribution | D2: Amount Due
A3: 42919
A4: Darr, Melanie | B4: 29.1 | C4: 29.1
A5: Gandara Araceli | B5: 23.4 | C5: 23.4
D7: =SUM(B3:C6) -> 105
A10: 42926 | B10: Employee Contribution | C10: Employer Contribution | D10: Amount Due
A12: Darr, Melanie | B12: 29.1 | C12: 29.1
A13: Gandara, Araceli | B13: 23.4 | C13: 23.4
D15: =SUM(B11:C14) -> 105
A18: 42933 | B18: Employee Contribution | C18: Employer Contribution | D18: Amount Due
A20: Darr, Melanie | B20: 29.1 | C20: 29.1
A21: Gandara, Araceli | B21: 23.4 | C21: 23.4
D23: =SUM(B19:C22) -> 105
A25: 42940 | B25: Employee Contribution | C25: Employer Contribution | D25: Amount Due
A27: Darr, Melanie | B27: 29.1 | C27: 29.1
A28: Gandara, Araceli | B28: 21.65 | C28: 21.65
D30: =B27+C27+B28+C28 -> 101.5
A31: 42947 | B31: Employee Contribution | C31: Employer Contribution | D31: Amount Due
A33: Darr, Melanie | B33: 23.4 | C33: 23.4
A34: Gandara, Araceli | B34: 29.1 | C34: 29.1
D36: =B33+C33+B34+C34 -> 105
A38: Total | C38: paid | D38: =D36+D30+D23+D15+D7 -> 521.5

Sheet August 2017
A1: Home Protection Associates
B2: employee contribution | C2: Employer Contribution | D2: Amount Due
A3: 42954
A4: Darr, Melanie | B4: 29.1 | C4: 29.1
A5: Gandara Araceli | B5: 23.4 | C5: 23.4
D7: =SUM(B3:C6) -> 105
A10: 42961 | B10: Employee Contribution | C10: Employer Contribution | D10: Amount Due
A12: Darr, Melanie | B12: 29.1 | C12: 29.1
A13: Gandara, Araceli | B13: 23.4 | C13: 23.4
D15: =SUM(B11:C14) -> 105
A18: 42968 | B18: Employee Contribution | C18: Employer Contribution | D18: Amount Due
A20: Darr, Melanie | B20: 26.01 | C20: 26.01
A21: Gandara, Araceli | B21: 23.4 | C21: 23.4
D23: =SUM(B19:C22) -> 98.82
A25: 42975 | B25: Employee Contribution | C25: Employer Contribution | D25: Amount Due
A27: Darr, Melanie | B27: 25.83 | C27: 25.83
A28: Gandara, Araceli | B28: 23.4 | C28: 23.4
D30: =B27+C27+B28+C28 -> 98.46
B31: Employee Contribution | C31: Employer Contribution | D31: Amount Due
A33: Darr, Melanie
A34: Gandara, Araceli
D36: =B33+C33+B34+C34 -> 0
A38: Total | C38: paid | D38: =D36+D30+D23+D15+D7 -> 407.28

Sheet September 2017
A1: Home Protection Associates
B2: employee contribution | C2: Employer Contribution | D2: Amount Due
A3: 42982
A4: Darr, Melanie | B4: 29.1 | C4: 29.1
A5: Gandara Araceli | B5: 23.4 | C5: 23.4
D7: =SUM(B3:C6) -> 105
A10: 42989 | B10: Employee Contribution | C10: Employer Contribution | D10: Amount Due
A12: Darr, Melanie | B12: 29.1 | C12: 29.1
A13: Gandara, Araceli | B13: 22.52 | C13: 22.52
D15: =SUM(B11:C14) -> 103.24
A18: 42996 | B18: Employee Contribution | C18: Employer Contribution | D18: Amount Due
A20: Darr, Melanie | B20: 29.1 | C20: 29.1
A21: Gandara, Araceli | B21: 23.4 | C21: 23.4
D23: =SUM(B19:C22) -> 105
A25: 43003 | B25: Employee Contribution | C25: Employer Contribution | D25: Amount Due
A27: Darr, Melanie | B27: 27.28 | C27: 27.28
A28: Gandara, Araceli | B28: 23.4 | C28: 23.4
D30: =B27+C27+B28+C28 -> 101.36
B31: Employee Contribution | C31: Employer Contribution | D31: Amount Due
A33: Darr, Melanie
A34: Gandara, Araceli
D36: =B33+C33+B34+C34 -> 0
A38: Total | C38: paid | D38: =D36+D30+D23+D15+D7 -> 414.6

Sheet October 2017
A1: Home Protection Associates
B2: employee contribution | C2: Employer Contribution | D2: Amount Due
A3: 43010
A4: Darr, Melanie | B4: 29.1 | C4: 29.1
A5: Gandara Araceli | B5: 23.4 | C5: 23.4
D7: =SUM(B3:C6) -> 105
A10: 43017 | B10: Employee Contribution | C10: Employer Contribution | D10: Amount Due
A12: Darr, Melanie | B12: 29.1 | C12: 29.1
A13: Gandara, Araceli | B13: 23.25 | C13: 23.25
D15: =SUM(B11:C14) -> 104.7
A18: 43024 | B18: Employee Contribution | C18: Employer Contribution | D18: Amount Due
A20: Darr, Melanie | B20: 29.1 | C20: 29.1
A21: Gandara, Araceli | B21: 23.4 | C21: 23.4
D23: =SUM(B19:C22) -> 105
A25: 43031 | B25: Employee Contribution | C25: Employer Contribution | D25: Amount Due
A27: Darr, Melanie | B27: 29.1 | C27: 29.1
A28: Gandara, Araceli | B28: 23.4 | C28: 23.4
D30: =B27+C27+B28+C28 -> 105
A31: 43038 | B31: Employee Contribution | C31: Employer Contribution | D31: Amount Due
A33: Darr, Melanie | B33: 29.1 | C33: 29.1
A34: Gandara, Araceli | B34: 23.4 | C34: 23.4
D36: =B33+C33+B34+C34 -> 105
A38: Total | C38: paid | D38: =D36+D30+D23+D15+D7 -> 524.7

Sheet November 2017
A1: Home Protection Associates
B2: employee contribution | C2: Employer Contribution | D2: Amount Due
A3: 43045
A4: Darr, Melanie | B4: 29.1 | C4: =B4 -> 29.1
A5: Gandara Araceli | B5: 23.11 | C5: =B5 -> 23.11
D7: =SUM(B3:C6) -> 104.42
B10: Employee Contribution | C10: Employer Contribution | D10: Amount Due
A11: 43052
A12: Darr, Melanie | B12: 29.1 | C12: =B12 -> 29.1
A13: Gandara, Araceli | B13: 23.21 | C13: =B13 -> 23.21
D15: =SUM(B11:C14) -> 104.62
B18: Employee Contribution | C18: Employer Contribution | D18: Amount Due
A19: 43059
A20: Darr, Melanie | B20: 29.1 | C20: =B20 -> 29.1
A21: Gandara, Araceli | B21: 23.4 | C21: =B21 -> 23.4
D23: =SUM(B19:C22) -> 105
B25: Employee Contribution | C25: Employer Contribution | D25: Amount Due
A26: 43066
A27: Darr, Melanie | B27: 29.1 | C27: =B27 -> 29.1
A28: Gandara, Araceli | B28: 23.4 | C28: =B28 -> 23.4
D30: =B27+C27+B28+C28 -> 105
B31: Employee Contribution | C31: Employer Contribution | D31: Amount Due
A33: Darr, Melanie | C33: =B33 -> 0
A34: Gandara, Araceli | C34: =B34 -> 0
D36: =B33+C33+B34+C34 -> 0
A38: Total | C38: paid | D38: =D36+D30+D23+D15+D7 -> 419.04

Sheet December 2017
A1: Home Protection Associates
B2: employee contribution | C2: Employer Contribution | D2: Amount Due
A3: 43101
A4: Darr, Melanie | B4: 29.1 | C4: =B4 -> 29.1
A5: Gandara Araceli | B5: 23.4 | C5: =B5 -> 23.4
D7: =SUM(B3:C6) -> 105
B10: Employee Contribution | C10: Employer Contribution | D10: Amount Due
A11: 43108
A12: Darr, Melanie | B12: 29.1 | C12: =B12 -> 29.1
A13: Gandara, Araceli | B13: 23.4 | C13: =B13 -> 23.4
D15: =SUM(B11:C14) -> 105
B18: Employee Contribution | C18: Employer Contribution | D18: Amount Due
A19: 43115
A20: Darr, Melanie | B20: 29.1 | C20: =B20 -> 29.1
A21: Gandara, Araceli | B21: 23.21 | C21: =B21 -> 23.21
D23: =SUM(B19:C22) -> 104.62
B25: Employee Contribution | C25: Employer Contribution | D25: Amount Due
A26: 43122
A27: Darr, Melanie | B27: 29.1 | C27: =B27 -> 29.1
A28: Gandara, Araceli | B28: 23.4 | C28: =B28 -> 23.4
D30: =B27+C27+B28+C28 -> 105
B31: Employee Contribution | C31: Employer Contribution | D31: Amount Due
A32: 43129
A33: Darr, Melanie | C33: =B33 -> 0
A34: Gandara, Araceli | C34: =B34 -> 0
D36: =B33+C33+B34+C34 -> 0
A38: Total | C38: paid | D38: =D36+D30+D23+D15+D7 -> 419.62

Sheet January 2018
A1: Home Protection Associates
B2: employee contribution | C2: Employer Contribution | D2: Amount Due
A3: 43101
A4: Darr, Melanie | B4: 29.1 | C4: =B4 -> 29.1
A5: Gandara Araceli | B5: 23.4 | C5: =B5 -> 23.4
D7: =SUM(B3:C6) -> 105
B10: Employee Contribution | C10: Employer Contribution | D10: Amount Due
A11: 43108
A12: Darr, Melanie | B12: 29.1 | C12: =B12 -> 29.1
A13: Gandara, Araceli | B13: 23.4 | C13: =B13 -> 23.4
D15: =SUM(B11:C14) -> 105
B18: Employee Contribution | C18: Employer Contribution | D18: Amount Due
A19: 43115
A20: Darr, Melanie | B20: 29.1 | C20: =B20 -> 29.1
A21: Gandara, Araceli | B21: 23.21 | C21: =B21 -> 23.21
D23: =SUM(B19:C22) -> 104.62
B25: Employee Contribution | C25: Employer Contribution | D25: Amount Due
A26: 43122
A27: Darr, Melanie | B27: 29.1 | C27: =B27 -> 29.1
A28: Gandara, Araceli | B28: 23.4 | C28: =B28 -> 23.4
D30: =B27+C27+B28+C28 -> 105
B31: Employee Contribution | C31: Employer Contribution | D31: Amount Due
A32: 43129
A33: Darr, Melanie | B33: 29.1 | C33: =B33 -> 29.1
A34: Gandara, Araceli | B34: 23.4 | C34: =B34 -> 23.4
D36: =B33+C33+B34+C34 -> 105
A38: Total | C38: paid | D38: =D36+D30+D23+D15+D7 -> 524.62

Sheet February 2018
A1: Home Protection Associates
B2: employee contribution | C2: Employer Contribution | D2: Amount Due
A3: 43136
A4: Darr, Melanie | B4: 29.1 | C4: =B4 -> 29.1
A5: Gandara Araceli | B5: 23.21 | C5: =B5 -> 23.21
D7: =SUM(B3:C6) -> 104.62
B10: Employee Contribution | C10: Employer Contribution | D10: Amount Due
A11: 43143
A12: Darr, Melanie | B12: 29.1 | C12: =B12 -> 29.1
A13: Gandara, Araceli | B13: 23.4 | C13: =B13 -> 23.4
D15: =SUM(B11:C14) -> 105
B18: Employee Contribution | C18: Employer Contribution | D18: Amount Due
A19: 43150
A20: Darr, Melanie | B20: 29.1 | C20: =B20 -> 29.1
A21: Gandara, Araceli | B21: 23.11 | C21: =B21 -> 23.11
D23: =SUM(B19:C22) -> 104.42
B25: Employee Contribution | C25: Employer Contribution | D25: Amount Due
A26: 43157
A27: Darr, Melanie | B27: 29.1 | C27: =B27 -> 29.1
A28: Gandara, Araceli | B28: 23.4 | C28: =B28 -> 23.4
D30: =B27+C27+B28+C28 -> 105
B31: Employee Contribution | C31: Employer Contribution | D31: Amount Due
A32: 43129
A33: Darr, Melanie | C33: =B33 -> 0
A34: Gandara, Araceli | C34: =B34 -> 0
D36: =B33+C33+B34+C34 -> 0
A38: Total | C38: paid | D38: =D36+D30+D23+D15+D7 -> 419.04

Sheet March 2018
A1: Home Protection Associates
B2: employee contribution | C2: Employer Contribution | D2: Amount Due
A3: 03/015/18
A4: Darr, Melanie | B4: 29.1 | C4: =B4 -> 29.1
A5: Gandara Araceli | B5: 23.4 | C5: =B5 -> 23.4
D7: =SUM(B3:C6) -> 105
B10: Employee Contribution | C10: Employer Contribution | D10: Amount Due
A11: 43171
A12: Darr, Melanie | B12: 29.1 | C12: =B12 -> 29.1
A13: Gandara, Araceli | B13: 23.25 | C13: =B13 -> 23.25
D15: =SUM(B11:C14) -> 104.7
B18: Employee Contribution | C18: Employer Contribution | D18: Amount Due
A19: 43178
A20: Darr, Melanie | B20: 29.1 | C20: =B20 -> 29.1
A21: Gandara, Araceli | B21: 23.4 | C21: =B21 -> 23.4
D23: =SUM(B19:C22) -> 105
B25: Employee Contribution | C25: Employer Contribution | D25: Amount Due
A26: 43185
A27: Darr, Melanie | B27: 29.1 | C27: =B27 -> 29.1
A28: Gandara, Araceli | B28: 22.96 | C28: =B28 -> 22.96
D30: =B27+C27+B28+C28 -> 104.12
B31: Employee Contribution | C31: Employer Contribution | D31: Amount Due
A33: Darr, Melanie | C33: =B33 -> 0
A34: Gandara, Araceli | C34: =B34 -> 0
D36: =B33+C33+B34+C34 -> 0
A38: Total | C38: paid | D38: =D36+D30+D23+D15+D7 -> 418.82

Sheet April 2018
A1: Home Protection Associates
A2: For Month: | B2: 43191
B3: Employee – EMPL | C3: Employer – SMPRC | D3: Amount Due
A4: 43192
A5: Melanie Gardas – 2344-9181 | B5: 29.1 | C5: =B5 -> 29.1
A6: Araceli Gandara – 2236-4498 | B6: 23.4 | C6: =B6 -> 23.4
D8: =SUM(B4:C7) -> 105
B11: Employee – EMPL | C11: Employer – SMPRC | D11: Amount Due
A12: =A4+7 -> 43199
A13: Melanie Gardas – 2344-9181 | B13: 29.1 | C13: =B13 -> 29.1
A14: Araceli Gandara – 2236-4498 | B14: 23.4 | C14: =B14 -> 23.4
D16: =SUM(B12:C15) -> 105
B19: Employee – EMPL | C19: Employer – SMPRC | D19: Amount Due
A20: =A12+7 -> 43206
A21: Melanie Gardas – 2344-9181 | B21: 29.1 | C21: =B21 -> 29.1
A22: Araceli Gandara – 2236-4498 | B22: 22.82 | C22: =B22 -> 22.82
D24: =SUM(B20:C23) -> 103.84
B26: Employee – EMPL | C26: Employer – SMPRC | D26: Amount Due
A27: =A20+7 -> 43213
A28: Melanie Gardas – 2344-9181 | B28: 29.1 | C28: =B28 -> 29.1
A29: Araceli Gandara – 2236-4498 | B29: 23.4 | C29: =B29 -> 23.4
D31: =B28+C28+B29+C29 -> 105
B32: Employee – EMPL | C32: Employer – SMPRC | D32: Amount Due
A33: 43220
A34: Melanie Gardas – 2344-9181 | B34: 29.1 | C34: =B34 -> 29.1
A35: Araceli Gandara – 2236-4498 | B35: 23.4 | C35: =B35 -> 23.4
D37: =B34+C34+B35+C35 -> 105
C39: Paid | D39: =D37+D31+D24+D16+D8 -> 523.84

Sheet May 2018
A1: Home Protection Associates
A2: For Month: | B2: 43191
B3: Employee – EMPL | C3: Employer – SMPRC | D3: Amount Due
A4: 43227
A5: Araceli Gandara – 2236-4498 | B5: 23.4 | C5: =B5 -> 23.4
A6: Melanie Gardas – 2344-9181 | B6: 29.1 | C6: =B6 -> 29.1
D8: =SUM(B4:C7) -> 105
B11: Employee – EMPL | C11: Employer – SMPRC | D11: Amount Due
A12: =A4+7 -> 43234
A13: Araceli Gandara – 2236-4498 | B13: 23.4 | C13: =B13 -> 23.4
A14: Melanie Gardas – 2344-9181 | B14: 29.1 | C14: =B14 -> 29.1
D16: =SUM(B12:C15) -> 105
B19: Employee – EMPL | C19: Employer – SMPRC | D19: Amount Due
A20: =A12+7 -> 43241
A21: Araceli Gandara – 2236-4498 | B21: 23.4 | C21: =B21 -> 23.4
A22: Melanie Gardas – 2344-9181 | B22: 29.1 | C22: =B22 -> 29.1
D24: =SUM(B20:C23) -> 105
B26: Employee – EMPL | C26: Employer – SMPRC | D26: Amount Due
A27: =A20+7 -> 43248
A28: Araceli Gandara – 2236-4498 | B28: 23.4 | C28: =B28 -> 23.4
A29: Melanie Gardas – 2344-9181 | B29: 29.1 | C29: =B29 -> 29.1
D31: =SUM(B27:C30) -> 105
B32: Employee – EMPL | C32: Employer – SMPRC | D32: Amount Due
A34: Araceli Gandara – 2236-4498 | C34: =B34 -> 0
A35: Melanie Gardas – 2344-9181 | C35: =B35 -> 0
D37: =B34+C34+B35+C35 -> 0
C39: Paid | D39: =D37+D31+D24+D16+D8 -> 420

Sheet June 2018
A1: Home Protection Associates
A2: For Month: | B2: 43252
B3: Employee – EMPL | C3: Employer – SMPRC | D3: Amount Due
A4: 43255
A5: Araceli Gandara – 2236-4498 | B5: 23.4 | C5: =B5 -> 23.4
A6: Melanie Gardas – 2344-9181 | B6: 29.1 | C6: =B6 -> 29.1
D8: =SUM(B4:C7) -> 105
B11: Employee – EMPL | C11: Employer – SMPRC | D11: Amount Due
A12: =A4+7 -> 43262
A13: Araceli Gandara – 2236-4498 | B13: 23.4 | C13: =B13 -> 23.4
A14: Melanie Gardas – 2344-9181 | B14: 29.1 | C14: =B14 -> 29.1
D16: =SUM(B12:C15) -> 105
B19: Employee – EMPL | C19: Employer – SMPRC | D19: Amount Due
A20: =A12+7 -> 43269
A21: Araceli Gandara – 2236-4498 | B21: 23.4 | C21: =B21 -> 23.4
A22: Melanie Gardas – 2344-9181 | B22: 29.1 | C22: =B22 -> 29.1
D24: =SUM(B20:C23) -> 105
B26: Employee – EMPL | C26: Employer – SMPRC | D26: Amount Due
A27: =A20+7 -> 43276
A28: Araceli Gandara – 2236-4498 | C28: =B28 -> 0
A29: Melanie Gardas – 2344-9181 | C29: =B29 -> 0
D31: =SUM(B27:C30) -> 0
B32: Employee – EMPL | C32: Employer – SMPRC | D32: Amount Due
A34: Araceli Gandara – 2236-4498 | B34: 23.4 | C34: =B34 -> 23.4
A35: Melanie Gardas – 2344-9181 | B35: =12.58+16.52 -> 29.1 | C35: =B35 -> 29.1
D37: =SUM(B33:C36) -> 105
C39: Paid | D39: =D37+D31+D24+D16+D8 -> 420

Sheet July 2018
A1: Home Protection Associates
A2: For Month: | B2: 43282
B3: Employee – EMPL | C3: Employer – SMPRC | D3: Amount Due
A4: =B2+IF(2 < WEEKDAY(B2), 7 - WEEKDAY(B2) + 2, 2 - WEEKDAY(B2)) -> 43283
A5: Araceli Gandara – 2236-4498 | B5: 23.4 | C5: =B5 -> 23.4
A6: Melanie Gardas – 2344-9181 | B6: 29.1 | C6: =B6 -> 29.1
D8: =SUM(B4:C7) -> 105
B11: Employee – EMPL | C11: Employer – SMPRC | D11: Amount Due
A12: =A4+7 -> 43290
A13: Araceli Gandara – 2236-4498 | B13: 23.4 | C13: =B13 -> 23.4
A14: Melanie Gardas – 2344-9181 | B14: 29.1 | C14: =B14 -> 29.1
D16: =SUM(B12:C15) -> 105
B19: Employee – EMPL | C19: Employer – SMPRC | D19: Amount Due
A20: =A12+7 -> 43297
A21: Araceli Gandara – 2236-4498 | B21: 23.4 | C21: =B21 -> 23.4
A22: Melanie Gardas – 2344-9181 | B22: 29.1 | C22: =B22 -> 29.1
D24: =SUM(B20:C23) -> 105
B26: Employee – EMPL | C26: Employer – SMPRC | D26: Amount Due
A27: =A20+7 -> 43304
A28: Araceli Gandara – 2236-4498 | B28: 23.4 | C28: =B28 -> 23.4
A29: Melanie Gardas – 2344-9181 | B29: 29.1 | C29: =B29 -> 29.1
D31: =SUM(B27:C30) -> 105
B32: Employee – EMPL | C32: Employer – SMPRC | D32: Amount Due
A33: =A27+7 -> 43311
A34: Araceli Gandara – 2236-4498 | B34: 23.4 | C34: =B34 -> 23.4
A35: Melanie Gardas – 2344-9181 | B35: 29.1 | C35: =B35 -> 29.1
D37: =SUM(B33:C36) -> 105
C39: Paid | D39: =D37+D31+D24+D16+D8 -> 525

Sheet August 2018
A1: Home Protection Associates
A2: For Month: | B2: 43313
B3: Employee – EMPL | C3: Employer – SMPRC | D3: Amount Due
A4: =B2+IF(2 < WEEKDAY(B2), 7 - WEEKDAY(B2) + 2, 2 - WEEKDAY(B2)) -> 43318
A5: Araceli Gandara – 2236-4498 | B5: 24.3 | C5: =B5 -> 24.3
A6: Melanie Gardas – 2344-9181 | B6: 30 | C6: =B6 -> 30
D8: =SUM(B4:C7) -> 108.6
B11: Employee – EMPL | C11: Employer – SMPRC | D11: Amount Due
A12: =A4+7 -> 43325
A13: Araceli Gandara – 2236-4498 | B13: 24.3 | C13: =B13 -> 24.3
A14: Melanie Gardas – 2344-9181 | B14: 30 | C14: =B14 -> 30
D16: =SUM(B12:C15) -> 108.6
B19: Employee – EMPL | C19: Employer – SMPRC | D19: Amount Due
A20: =A12+7 -> 43332
A21: Araceli Gandara – 2236-4498 | B21: 24.3 | C21: =B21 -> 24.3
A22: Melanie Gardas – 2344-9181 | B22: 30 | C22: =B22 -> 30
D24: =SUM(B20:C23) -> 108.6
B26: Employee – EMPL | C26: Employer – SMPRC | D26: Amount Due
A27: =A20+7 -> 43339
A28: Araceli Gandara – 2236-4498 | B28: 24.3 | C28: =B28 -> 24.3
A29: Melanie Gardas – 2344-9181 | B29: 30 | C29: =B29 -> 30
D31: =SUM(B27:C30) -> 108.6
B32: Employee – EMPL | C32: Employer – SMPRC | D32: Amount Due
A33: 43343
A34: Araceli Gandara – 2236-4498 | B34: 24.3 | C34: =B34 -> 24.3
A35: Melanie Gardas – 2344-9181 | B35: 30 | C35: =B35 -> 30
D37: =SUM(B33:C36) -> 108.6
C39: Paid | D39: =D37+D31+D24+D16+D8 -> 543

Sheet September 2018
A1: Home Protection Associates
A2: For Month: | B2: 43344
B3: Employee – EMPL | C3: Employer – SMPRC | D3: Amount Due
A4: =B2+IF(2 < WEEKDAY(B2), 7 - WEEKDAY(B2) + 2, 2 - WEEKDAY(B2)) -> 43346
A5: Araceli Gandara – 2236-4498 | B5: 24.3 | C5: =B5 -> 24.3
A6: Melanie Gardas – 2344-9181 | B6: 30 | C6: =B6 -> 30
D8: =SUM(B4:C7) -> 108.6
B11: Employee – EMPL | C11: Employer – SMPRC | D11: Amount Due
A12: =A4+7 -> 43353
A13: Araceli Gandara – 2236-4498 | B13: 24.3 | C13: =B13 -> 24.3
A14: Melanie Gardas – 2344-9181 | B14: 30 | C14: =B14 -> 30
D16: =SUM(B12:C15) -> 108.6
B19: Employee – EMPL | C19: Employer – SMPRC | D19: Amount Due
A20: =A12+7 -> 43360
A21: Araceli Gandara – 2236-4498 | B21: 24 | C21: =B21 -> 24
A22: Melanie Gardas – 2344-9181 | B22: 30 | C22: =B22 -> 30
D24: =SUM(B20:C23) -> 108
B26: Employee – EMPL | C26: Employer – SMPRC | D26: Amount Due
A27: =A20+7 -> 43367
A28: Araceli Gandara – 2236-4498 | B28: 24.3 | C28: =B28 -> 24.3
A29: Melanie Gardas – 2344-9181 | B29: 30 | C29: =B29 -> 30
D31: =SUM(B27:C30) -> 108.6
B32: Employee – EMPL | C32: Employer – SMPRC | D32: Amount Due
A34: Araceli Gandara – 2236-4498 | C34: =B34 -> 0
A35: Melanie Gardas – 2344-9181 | C35: =B35 -> 0
D37: =SUM(B33:C36) -> 0
C39: Paid | D39: =D37+D31+D24+D16+D8 -> 433.8

Sheet October 2018
A1: Home Protection Associates
A2: For Month: | B2: 43374
B3: Employee – EMPL | C3: Employer – SMPRC | D3: Amount Due
A4: =B2+IF(2 < WEEKDAY(B2), 7 - WEEKDAY(B2) + 2, 2 - WEEKDAY(B2)) -> 43374
A5: Araceli Gandara – 2236-4498 | B5: 24.3 | C5: =B5 -> 24.3
A6: Melanie Gardas – 2344-9181 | B6: 30 | C6: =B6 -> 30
D8: =SUM(B4:C7) -> 108.6
B11: Employee – EMPL | C11: Employer – SMPRC | D11: Amount Due
A12: =A4+7 -> 43381
A13: Araceli Gandara – 2236-4498 | B13: 24 | C13: =B13 -> 24
A14: Melanie Gardas – 2344-9181 | B14: 30 | C14: =B14 -> 30
D16: =SUM(B12:C15) -> 108
B19: Employee – EMPL | C19: Employer – SMPRC | D19: Amount Due
A20: =A12+7 -> 43388
A21: Araceli Gandara – 2236-4498 | B21: 24.3 | C21: =B21 -> 24.3
A22: Melanie Gardas – 2344-9181 | B22: 30 | C22: =B22 -> 30
D24: =SUM(B20:C23) -> 108.6
B26: Employee – EMPL | C26: Employer – SMPRC | D26: Amount Due
A27: =A20+7 -> 43395
A28: Araceli Gandara – 2236-4498 | B28: 24.15 | C28: =B28 -> 24.15
A29: Melanie Gardas – 2344-9181 | B29: 30 | C29: =B29 -> 30
D31: =SUM(B27:C30) -> 108.3
B32: Employee – EMPL | C32: Employer – SMPRC | D32: Amount Due
A33: =A27+7 -> 43402
A34: Araceli Gandara – 2236-4498 | B34: 24.3 | C34: =B34 -> 24.3
A35: Melanie Gardas – 2344-9181 | B35: 30 | C35: =B35 -> 30
D37: =SUM(B33:C36) -> 108.6
C39: Paid | D39: =D37+D31+D24+D16+D8 -> 542.1

Sheet November 2018
A1: Home Protection Associates
A2: For Month: | B2: 43405
B3: Employee – EMPL | C3: Employer – SMPRC | D3: Amount Due
A4: =B2+IF(2 < WEEKDAY(B2), 7 - WEEKDAY(B2) + 2, 2 - WEEKDAY(B2)) -> 43409
A5: Araceli Gandara – 2236-4498 | B5: 22.17 | C5: =B5 -> 22.17
A6: Melanie Gardas – 2344-9181 | B6: 30 | C6: =B6 -> 30
D8: =SUM(B4:C7) -> 104.34
B11: Employee – EMPL | C11: Employer – SMPRC | D11: Amount Due
A12: =A4+7 -> 43416
A13: Araceli Gandara – 2236-4498 | B13: 24.3 | C13: =B13 -> 24.3
A14: Melanie Gardas – 2344-9181 | B14: 30 | C14: =B14 -> 30
D16: =SUM(B12:C15) -> 108.6
B19: Employee – EMPL | C19: Employer – SMPRC | D19: Amount Due
A20: =A12+7 -> 43423
A21: Araceli Gandara – 2236-4498 | B21: 24.3 | C21: =B21 -> 24.3
A22: Melanie Gardas – 2344-9181 | B22: 30 | C22: =B22 -> 30
D24: =SUM(B20:C23) -> 108.6
B26: Employee – EMPL | C26: Employer – SMPRC | D26: Amount Due
A27: =A20+7 -> 43430
A28: Araceli Gandara – 2236-4498 | B28: 24.3 | C28: =B28 -> 24.3
A29: Melanie Gardas – 2344-9181 | B29: 30 | C29: =B29 -> 30
D31: =SUM(B27:C30) -> 108.6
B32: Employee – EMPL | C32: Employer – SMPRC | D32: Amount Due
A33: =A27+7 -> 43437
A34: Araceli Gandara – 2236-4498 | C34: =B34 -> 0
A35: Melanie Gardas – 2344-9181 | C35: =B35 -> 0
D37: =SUM(B33:C36) -> 0
C39: Paid | D39: =D37+D31+D24+D16+D8 -> 430.14

Sheet December 2018
A1: Home Protection Associates
A2: For Month: | B2: 43435
B3: Employee – EMPL | C3: Employer – SMPRC | D3: Amount Due
A4: =B2+IF(2 < WEEKDAY(B2), 7 - WEEKDAY(B2) + 2, 2 - WEEKDAY(B2)) -> 43437
A5: Araceli Gandara – 2236-4498 | B5: 24.3 | C5: =B5 -> 24.3
A6: Melanie Gardas – 2344-9181 | B6: 13.23 | C6: =B6 -> 13.23
D8: =SUM(B4:C7) -> 75.06
B11: Employee – EMPL | C11: Employer – SMPRC | D11: Amount Due
A12: =A4+7 -> 43444
A13: Araceli Gandara – 2236-4498 | B13: 24.3 | C13: =B13 -> 24.3
A14: Melanie Gardas – 2344-9181 | B14: 26.25 | C14: =B14 -> 26.25
D16: =SUM(B12:C15) -> 101.1
B19: Employee – EMPL | C19: Employer – SMPRC | D19: Amount Due
A20: =A12+7 -> 43451
A21: Araceli Gandara – 2236-4498 | B21: 24.3 | C21: =B21 -> 24.3
A22: Melanie Gardas – 2344-9181 | B22: 30 | C22: =B22 -> 30
D24: =SUM(B20:C23) -> 108.6
B26: Employee – EMPL | C26: Employer – SMPRC | D26: Amount Due
A27: =A20+7 -> 43458
A28: Araceli Gandara – 2236-4498 | B28: 24.3 | C28: =B28 -> 24.3
A29: Melanie Gardas – 2344-9181 | B29: 30 | C29: =B29 -> 30
D31: =SUM(B27:C30) -> 108.6
B32: Employee – EMPL | C32: Employer – SMPRC | D32: Amount Due
A33: =A27+7 -> 43465
A34: Araceli Gandara – 2236-4498 | B34: 23.09 | C34: =B34 -> 23.09
A35: Melanie Gardas – 2344-9181 | B35: 23.74 | C35: =B35 -> 23.74
D37: =SUM(B33:C36) -> 93.66
C39: Paid | D39: =D37+D31+D24+D16+D8 -> 487.02

Sheet January 2019
A1: Home Protection Associates
A2: For Month: | B2: 43466
B3: Employee – EMPL | C3: Employer – SMPRC | D3: Amount Due
A4: =B2+IF(2 < WEEKDAY(B2), 7 - WEEKDAY(B2) + 2, 2 - WEEKDAY(B2)) -> 43472
A5: Araceli Gandara – 2236-4498 | B5: 24.3 | C5: =B5 -> 24.3
A6: Melanie Gardas – 2344-9181 | B6: 26.25 | C6: =B6 -> 26.25
D8: =SUM(B4:C7) -> 101.1
B11: Employee – EMPL | C11: Employer – SMPRC | D11: Amount Due
A12: =A4+7 -> 43479
A13: Araceli Gandara – 2236-4498 | B13: 24.3 | C13: =B13 -> 24.3
A14: Melanie Gardas – 2344-9181 | B14: 29 | C14: =B14 -> 29
D16: =SUM(B12:C15) -> 106.6
B19: Employee – EMPL | C19: Employer – SMPRC | D19: Amount Due
A20: =A12+7 -> 43486
A21: Araceli Gandara – 2236-4498 | B21: 24.3 | C21: =B21 -> 24.3
A22: Melanie Gardas – 2344-9181 | B22: 29 | C22: =B22 -> 29
D24: =SUM(B20:C23) -> 106.6
B26: Employee – EMPL | C26: Employer – SMPRC | D26: Amount Due
A27: =A20+7 -> 43493
A28: Araceli Gandara – 2236-4498 | B28: 24.3 | C28: =B28 -> 24.3
A29: Melanie Gardas – 2344-9181 | B29: 30 | C29: =B29 -> 30
D31: =SUM(B27:C30) -> 108.6
B32: Employee – EMPL | C32: Employer – SMPRC | D32: Amount Due
A34: Araceli Gandara – 2236-4498 | C34: =B34 -> 0
A35: Melanie Gardas – 2344-9181 | C35: =B35 -> 0
D37: =SUM(B33:C36) -> 0
C39: Paid | D39: =D37+D31+D24+D16+D8 -> 422.9

Sheet February 2019
A1: Home Protection Associates
A2: For Month: | B2: 43525
B3: Employee – EMPL | C3: Employer – SMPRC | D3: Amount Due
A4: =B2+IF(2 < WEEKDAY(B2), 7 - WEEKDAY(B2) + 2, 2 - WEEKDAY(B2)) -> 43528
A5: Araceli Gandara – 2236-4498 | B5: 24.3 | C5: =B5 -> 24.3
A6: Melanie Gardas – 2344-9181 | B6: 29.12 | C6: =B6 -> 29.12
D8: =SUM(B4:C7) -> 106.84
B11: Employee – EMPL | C11: Employer – SMPRC | D11: Amount Due
A12: =A4+7 -> 43535
A13: Araceli Gandara – 2236-4498 | B13: 24.15 | C13: =B13 -> 24.15
A14: Melanie Gardas – 2344-9181 | B14: 27.56 | C14: =B14 -> 27.56
D16: =SUM(B12:C15) -> 103.42
B19: Employee – EMPL | C19: Employer – SMPRC | D19: Amount Due
A20: =A12+7 -> 43542
A21: Araceli Gandara – 2236-4498 | B21: 24.3 | C21: =B21 -> 24.3
A22: Melanie Gardas – 2344-9181 | B22: 28.56 | C22: =B22 -> 28.56
D24: =SUM(B20:C23) -> 105.72
B26: Employee – EMPL | C26: Employer – SMPRC | D26: Amount Due
A27: =A20+7 -> 43549
A28: Araceli Gandara – 2236-4498 | B28: 24.3 | C28: =B28 -> 24.3
A29: Melanie Gardas – 2344-9181 | B29: 28.88 | C29: =B29 -> 28.88
D31: =SUM(B27:C30) -> 106.36
B32: Employee – EMPL | C32: Employer – SMPRC | D32: Amount Due
A34: Araceli Gandara – 2236-4498 | C34: =B34 -> 0
A35: Melanie Gardas – 2344-9181 | C35: =B35 -> 0
D37: =SUM(B33:C36) -> 0
C39: Paid | D39: =D37+D31+D24+D16+D8 -> 422.34

Sheet April 2019
A1: Home Protection Associates
A2: For Month: | B2: 43556
B3: Employee – EMPL | C3: Employer – SMPRC | D3: Amount Due
A4: =B2+IF(2 < WEEKDAY(B2), 7 - WEEKDAY(B2) + 2, 2 - WEEKDAY(B2)) -> 43556
A5: Araceli Gandara – 2236-4498 | B5: 24.3 | C5: =B5 -> 24.3
A6: Melanie Gardas – 2344-9181 | B6: 28.88 | C6: =B6 -> 28.88
D8: =SUM(B4:C7) -> 106.36
B11: Employee – EMPL | C11: Employer – SMPRC | D11: Amount Due
A12: =A4+7 -> 43563
A13: Araceli Gandara – 2236-4498 | B13: 24.3 | C13: =B13 -> 24.3
A14: Melanie Gardas – 2344-9181 | B14: 27.32 | C14: =B14 -> 27.32
D16: =SUM(B12:C15) -> 103.24
B19: Employee – EMPL | C19: Employer – SMPRC | D19: Amount Due
A20: =A12+7 -> 43570
A21: Araceli Gandara – 2236-4498 | B21: 24.3 | C21: =B21 -> 24.3
A22: Melanie Gardas – 2344-9181 | B22: 29.12 | C22: =B22 -> 29.12
D24: =SUM(B20:C23) -> 106.84
B26: Employee – EMPL | C26: Employer – SMPRC | D26: Amount Due
A27: =A20+7 -> 43577
A28: Araceli Gandara – 2236-4498 | B28: 24.3 | C28: =B28 -> 24.3
A29: Melanie Gardas – 2344-9181 | B29: 29.57 | C29: =B29 -> 29.57
D31: =SUM(B27:C30) -> 107.74
B32: Employee – EMPL | C32: Employer – SMPRC | D32: Amount Due
A33: =A27+7 -> 43584
A34: Araceli Gandara – 2236-4498 | B34: 23.99 | C34: =B34 -> 23.99
A35: Melanie Gardas – 2344-9181 | B35: 29 | C35: =B35 -> 29
D37: =SUM(B33:C36) -> 105.98
C39: Paid | D39: =D37+D31+D24+D16+D8 -> 530.16

Sheet May 2019
A1: Home Protection Associates
A2: For Month: | B2: 43586
B3: Employee – EMPL | C3: Employer – SMPRC | D3: Amount Due
A4: =B2+IF(2 < WEEKDAY(B2), 7 - WEEKDAY(B2) + 2, 2 - WEEKDAY(B2)) -> 43591
A5: Araceli Gandara – 2236-4498 | B5: 24 | C5: =B5 -> 24
A6: Melanie Gardas – 2344-9181 | B6: 28.63 | C6: =B6 -> 28.63
D8: =SUM(B4:C7) -> 105.26
B11: Employee – EMPL | C11: Employer – SMPRC | D11: Amount Due
A12: =A4+7 -> 43598
A13: Araceli Gandara – 2236-4498 | B13: 24.3 | C13: =B13 -> 24.3
A14: Melanie Gardas – 2344-9181 | B14: 26 | C14: =B14 -> 26
D16: =SUM(B12:C15) -> 100.6
B19: Employee – EMPL | C19: Employer – SMPRC | D19: Amount Due
A20: =A12+7 -> 43605
A21: Araceli Gandara – 2236-4498 | B21: 24.3 | C21: =B21 -> 24.3
A22: Melanie Gardas – 2344-9181 | B22: 29.5 | C22: =B22 -> 29.5
D24: =SUM(B20:C23) -> 107.6
B26: Employee – EMPL | C26: Employer – SMPRC | D26: Amount Due
A27: 43609
A28: Araceli Gandara – 2236-4498 | B28: 23.49 | C28: =B28 -> 23.49
A29: Melanie Gardas – 2344-9181 | B29: 29.44 | C29: =B29 -> 29.44
D31: =SUM(B27:C30) -> 105.86
B32: Employee – EMPL | C32: Employer – SMPRC | D32: Amount Due
A34: Araceli Gandara – 2236-4498 | C34: =B34 -> 0
A35: Melanie Gardas – 2344-9181 | C35: =B35 -> 0
D37: =SUM(B33:C36) -> 0
C39: Paid | D39: =D37+D31+D24+D16+D8 -> 419.32

Sheet June 2019
A1: Home Protection Associates
A2: For Month: | B2: 43617
B3: Employee – EMPL | C3: Employer – SMPRC | D3: Amount Due
A4: =B2+IF(2 < WEEKDAY(B2), 7 - WEEKDAY(B2) + 2, 2 - WEEKDAY(B2)) -> 43619
A5: Araceli Gandara – 2236-4498 | B5: 24.3 | C5: =B5 -> 24.3
A6: Melanie Gardas – 2344-9181 | B6: 29.75 | C6: =B6 -> 29.75
D8: =SUM(B4:C7) -> 108.1
B11: Employee – EMPL | C11: Employer – SMPRC | D11: Amount Due
A12: =A4+7 -> 43626
A13: Araceli Gandara – 2236-4498 | B13: 24.3 | C13: =B13 -> 24.3
A14: Melanie Gardas – 2344-9181 | B14: 29.44 | C14: =B14 -> 29.44
D16: =SUM(B12:C15) -> 107.48
B19: Employee – EMPL | C19: Employer – SMPRC | D19: Amount Due
A20: =A12+7 -> 43633
A21: Araceli Gandara – 2236-4498 | B21: 19.44 | C21: =B21 -> 19.44
A22: Melanie Gardas – 2344-9181 | B22: 28.88 | C22: =B22 -> 28.88
D24: =SUM(B20:C23) -> 96.64
B26: Employee – EMPL | C26: Employer – SMPRC | D26: Amount Due
A27: =A20+7 -> 43640
A28: Araceli Gandara – 2236-4498 | B28: 24.3 | C28: =B28 -> 24.3
A29: Melanie Gardas – 2344-9181 | B29: 30 | C29: =B29 -> 30
D31: =SUM(B27:C30) -> 108.6
B32: Employee – EMPL | C32: Employer – SMPRC | D32: Amount Due
A34: Araceli Gandara – 2236-4498 | C34: =B34 -> 0
A35: Melanie Gardas – 2344-9181 | C35: =B35 -> 0
D37: =SUM(B33:C36) -> 0
C39: Paid | D39: =D37+D31+D24+D16+D8 -> 420.82

Sheet July 2019
A1: Home Protection Associates
A2: For Month: | B2: 43647
B3: Employee – EMPL | C3: Employer – SMPRC | D3: Amount Due
A4: =B2+IF(2 < WEEKDAY(B2), 7 - WEEKDAY(B2) + 2, 2 - WEEKDAY(B2)) -> 43647
A5: Araceli Gandara – 2236-4498 | B5: 24.3 | C5: =B5 -> 24.3
A6: Melanie Gardas – 2344-9181 | B6: 28.13 | C6: =B6 -> 28.13
D8: =SUM(B4:C7) -> 104.86
B11: Employee – EMPL | C11: Employer – SMPRC | D11: Amount Due
A12: =A4+7 -> 43654
A13: Araceli Gandara – 2236-4498 | B13: 24.3 | C13: =B13 -> 24.3
A14: Melanie Gardas – 2344-9181 | B14: 28.5 | C14: =B14 -> 28.5
D16: =SUM(B12:C15) -> 105.6
B19: Employee – EMPL | C19: Employer – SMPRC | D19: Amount Due
A20: =A12+7 -> 43661
A21: Araceli Gandara – 2236-4498 | B21: 24.9 | C21: =B21 -> 24.9
A22: Melanie Gardas – 2344-9181 | B22: 30.6 | C22: =B22 -> 30.6
D24: =SUM(B20:C23) -> 111
B26: Employee – EMPL | C26: Employer – SMPRC | D26: Amount Due
A27: =A20+7 -> 43668
A28: Araceli Gandara – 2236-4498 | B28: 24.9 | C28: =B28 -> 24.9
A29: Melanie Gardas – 2344-9181 | B29: 30.6 | C29: =B29 -> 30.6
D31: =SUM(B27:C30) -> 111
B32: Employee – EMPL | C32: Employer – SMPRC | D32: Amount Due
A33: =A27+7 -> 43675
A34: Araceli Gandara – 2236-4498 | B34: 24.9 | C34: =B34 -> 24.9
A35: Melanie Gardas – 2344-9181 | B35: 30.6 | C35: =B35 -> 30.6
D37: =SUM(B33:C36) -> 111
C39: Paid | D39: =D37+D31+D24+D16+D8 -> 543.46

Sheet August 2019
A1: Home Protection Associates
A2: For Month: | B2: 43678
B3: Employee – EMPL | C3: Employer – SMPRC | D3: Amount Due
A4: =B2+IF(2 < WEEKDAY(B2), 7 - WEEKDAY(B2) + 2, 2 - WEEKDAY(B2)) -> 43682
A5: Araceli Gandara – 2236-4498 | B5: 24.9 | C5: =B5 -> 24.9
A6: Melanie Gardas – 2344-9181 | B6: 30.41 | C6: =B6 -> 30.41
D8: =SUM(B4:C7) -> 110.62
B11: Employee – EMPL | C11: Employer – SMPRC | D11: Amount Due
A12: =A4+7 -> 43689
A13: Araceli Gandara – 2236-4498 | B13: 24.9 | C13: =B13 -> 24.9
A14: Melanie Gardas – 2344-9181 | B14: 30.22 | C14: =B14 -> 30.22
D16: =SUM(B12:C15) -> 110.24
B19: Employee – EMPL | C19: Employer – SMPRC | D19: Amount Due
A20: =A12+7 -> 43696
A21: Araceli Gandara – 2236-4498 | B21: 24.9 | C21: =B21 -> 24.9
A22: Melanie Gardas – 2344-9181 | B22: 27.16 | C22: =B22 -> 27.16
D24: =SUM(B20:C23) -> 104.12
B26: Employee – EMPL | C26: Employer – SMPRC | D26: Amount Due
A27: =A20+7 -> 43703
A28: Araceli Gandara – 2236-4498 | B28: 24.9 | C28: =B28 -> 24.9
A29: Melanie Gardas – 2344-9181 | B29: 28.63 | C29: =B29 -> 28.63
D31: =SUM(B27:C30) -> 107.06
B32: Employee – EMPL | C32: Employer – SMPRC | D32: Amount Due
A33: =A27+7 -> 43710
A34: Araceli Gandara – 2236-4498 | C34: =B34 -> 0
A35: Melanie Gardas – 2344-9181 | C35: =B35 -> 0
D37: =SUM(B33:C36) -> 0
C39: Paid | D39: =D37+D31+D24+D16+D8 -> 432.04

Sheet September 2019
A1: Home Protection Associates
A2: For Month: | B2: 43709
B3: Employee – EMPL | C3: Employer – SMPRC | D3: Amount Due
A4: =B2+IF(2 < WEEKDAY(B2), 7 - WEEKDAY(B2) + 2, 2 - WEEKDAY(B2)) -> 43710
A5: Araceli Gandara – 2236-4498 | B5: 24.9 | C5: =B5 -> 24.9
A6: Melanie Gardas – 2344-9181 | B6: 28.94 | C6: =B6 -> 28.94
D8: =SUM(B4:C7) -> 107.68
B11: Employee – EMPL | C11: Employer – SMPRC | D11: Amount Due
A12: =A4+7 -> 43717
A13: Araceli Gandara – 2236-4498 | B13: 24.9 | C13: =B13 -> 24.9
A14: Melanie Gardas – 2344-9181 | B14: 28.69 | C14: =B14 -> 28.69
D16: =SUM(B12:C15) -> 107.18
B19: Employee – EMPL | C19: Employer – SMPRC | D19: Amount Due
A20: =A12+7 -> 43724
A21: Araceli Gandara – 2236-4498 | B21: 23.03 | C21: =B21 -> 23.03
A22: Melanie Gardas – 2344-9181 | B22: 28.88 | C22: =B22 -> 28.88
D24: =SUM(B20:C23) -> 103.82
B26: Employee – EMPL | C26: Employer – SMPRC | D26: Amount Due
A27: =A20+7 -> 43731
A28: Araceli Gandara – 2236-4498 | B28: 23.66 | C28: =B28 -> 23.66
A29: Melanie Gardas – 2344-9181 | B29: 28.94 | C29: =B29 -> 28.94
D31: =SUM(B27:C30) -> 105.2
B32: Employee – EMPL | C32: Employer – SMPRC | D32: Amount Due
A33: =A27+7 -> 43738
A34: Araceli Gandara – 2236-4498 | B34: 24.28 | C34: =B34 -> 24.28
A35: Melanie Gardas – 2344-9181 | B35: 28.69 | C35: =B35 -> 28.69
D37: =SUM(B33:C36) -> 105.94
C39: Paid | D39: =D37+D31+D24+D16+D8 -> 529.82

Sheet October 2019
A1: Home Protection Associates
A2: For Month: | B2: 43739
B3: Employee – EMPL | C3: Employer – SMPRC | D3: Amount Due
A4: =B2+IF(2 < WEEKDAY(B2), 7 - WEEKDAY(B2) + 2, 2 - WEEKDAY(B2)) -> 43745
A5: Araceli Gandara – 2236-4498 | B5: 24.9 | C5: =B5 -> 24.9
A6: Melanie Gardas – 2344-9181 | B6: 29.51 | C6: =B6 -> 29.51
D8: =SUM(B4:C7) -> 108.82
B11: Employee – EMPL | C11: Employer – SMPRC | D11: Amount Due
A12: =A4+7 -> 43752
A13: Araceli Gandara – 2236-4498 | B13: 24.9 | C13: =B13 -> 24.9
A14: Melanie Gardas – 2344-9181 | B14: 29.26 | C14: =B14 -> 29.26
D16: =SUM(B12:C15) -> 108.32
B19: Employee – EMPL | C19: Employer – SMPRC | D19: Amount Due
A20: =A12+7 -> 43759
A21: Araceli Gandara – 2236-4498 | B21: 24.9 | C21: =B21 -> 24.9
A22: Melanie Gardas – 2344-9181 | B22: 29.45 | C22: =B22 -> 29.45
D24: =SUM(B20:C23) -> 108.7
B26: Employee – EMPL | C26: Employer – SMPRC | D26: Amount Due
A27: =A20+7 -> 43766
A28: Araceli Gandara – 2236-4498 | B28: 24.9 | C28: =B28 -> 24.9
A29: Melanie Gardas – 2344-9181 | B29: 29.07 | C29: =B29 -> 29.07
D31: =SUM(B27:C30) -> 107.94
B32: Employee – EMPL | C32: Employer – SMPRC | D32: Amount Due
A33: =A27+7 -> 43773
A34: Araceli Gandara – 2236-4498 | C34: =B34 -> 0
A35: Melanie Gardas – 2344-9181 | C35: =B35 -> 0
D37: =SUM(B33:C36) -> 0
C39: Paid | D39: =D37+D31+D24+D16+D8 -> 433.78

Sheet November 2019
A1: Home Protection Associates
A2: For Month: | B2: 43770
B3: Employee – EMPL | C3: Employer – SMPRC | D3: Amount Due
A4: =B2+IF(2 < WEEKDAY(B2), 7 - WEEKDAY(B2) + 2, 2 - WEEKDAY(B2)) -> 43773
A5: Araceli Gandara – 2236-4498 | B5: 24.9 | C5: =B5 -> 24.9
A6: Melanie Gardas – 2344-9181 | B6: 30.03 | C6: =B6 -> 30.03
D8: =SUM(B4:C7) -> 109.86
B11: Employee – EMPL | C11: Employer – SMPRC | D11: Amount Due
A12: =A4+7 -> 43780
A13: Araceli Gandara – 2236-4498 | B13: 24.9 | C13: =B13 -> 24.9
A14: Melanie Gardas – 2344-9181 | B14: 29.07 | C14: =B14 -> 29.07
D16: =SUM(B12:C15) -> 107.94
B19: Employee – EMPL | C19: Employer – SMPRC | D19: Amount Due
A20: =A12+7 -> 43787
A21: Araceli Gandara – 2236-4498 | B21: 24.9 | C21: =B21 -> 24.9
A22: Melanie Gardas – 2344-9181 | B22: 29.07 | C22: =B22 -> 29.07
D24: =SUM(B20:C23) -> 107.94
B26: Employee – EMPL | C26: Employer – SMPRC | D26: Amount Due
A27: =A20+7 -> 43794
A28: Araceli Gandara – 2236-4498 | B28: 24.9 | C28: =B28 -> 24.9
A29: Melanie Gardas – 2344-9181 | B29: 18.36 | C29: =B29 -> 18.36
D31: =SUM(B27:C30) -> 86.52
B32: Employee – EMPL | C32: Employer – SMPRC | D32: Amount Due
A34: Araceli Gandara – 2236-4498 | C34: =B34 -> 0
A35: Melanie Gardas – 2344-9181 | C35: =B35 -> 0
D37: =SUM(B33:C36) -> 0
C39: Paid | D39: =D37+D31+D24+D16+D8 -> 412.26

Sheet December 2019
A1: Home Protection Associates
A2: For Month: | B2: 43800
B3: Employee – EMPL | C3: Employer – SMPRC | D3: Amount Due
A4: =B2+IF(2 < WEEKDAY(B2), 7 - WEEKDAY(B2) + 2, 2 - WEEKDAY(B2)) -> 43801
A5: Araceli Gandara – 2236-4498 | B5: 24.9 | C5: =B5 -> 24.9
A6: Melanie Gardas – 2344-9181 | B6: 29.07 | C6: =B6 -> 29.07
D8: =SUM(B4:C7) -> 107.94
B11: Employee – EMPL | C11: Employer – SMPRC | D11: Amount Due
A12: =A4+7 -> 43808
A13: Araceli Gandara – 2236-4498 | B13: 24.9 | C13: =B13 -> 24.9
A14: Melanie Gardas – 2344-9181 | B14: 29.32 | C14: =B14 -> 29.32
A15: Ajay Punjabi | B15: 24.23 | C15: =B15 -> 24.23
D17: =SUM(B13:C15) -> 156.9
B20: Employee – EMPL | C20: Employer – SMPRC | D20: Amount Due
A21: =A12+7 -> 43815
A22: Araceli Gandara – 2236-4498 | B22: 24.9 | C22: =B22 -> 24.9
A23: Melanie Gardas – 2344-9181 | B23: 29.24 | C23: =B23 -> 29.24
A24: Ajay Punjabi | B24: 24.23 | C24: =B24 -> 24.23
D26: =SUM(B21:C24) -> 156.74
B28: Employee – EMPL | C28: Employer – SMPRC | D28: Amount Due
A29: =A21+7 -> 43822
A30: Araceli Gandara – 2236-4498 | B30: 24.59 | C30: =B30 -> 24.59
A31: Melanie Gardas – 2344-9181 | B31: 42.08 | C31: =B31 -> 42.08
A32: Ajay Punjabi | B32: 24.23 | C32: =B32 -> 24.23
D34: =SUM(B29:C32) -> 181.8
B36: Employee – EMPL | C36: Employer – SMPRC | D36: Amount Due
A37: =A29+7 -> 43829
A38: Araceli Gandara – 2236-4498 | B38: 24.9 | C38: =B38 -> 24.9
A39: Melanie Gardas – 2344-9181 | B39: 17.08 | C39: =B39 -> 17.08
A40: Ajay Punjabi | B40: 24.23 | C40: =B40 -> 24.23
D42: =SUM(B37:C40) -> 132.42
C44: Paid | D44: =D8+D17+D26+D34+D42 -> 735.8

Sheet January 2020
A1: Home Protection Associates
A2: For Month: | B2: 43831
B3: Employee – EMPL | C3: Employer – SMPRC | D3: Amount Due
A4: =B2+IF(2 < WEEKDAY(B2), 7 - WEEKDAY(B2) + 2, 2 - WEEKDAY(B2)) -> 43836
A5: Araceli Gandara – 2236-4498 | B5: 24.9 | C5: =B5 -> 24.9
A6: Melanie Gardas – 2344-9181 | B6: 30.47 | C6: =B6 -> 30.47
A7: Ajay Punjabi - 3569-3676 | B7: 24.23 | C7: =B7 -> 24.23
D9: =SUM(B5:C7) -> 159.2
B11: Employee – EMPL | C11: Employer – SMPRC | D11: Amount Due
A12: =A4+7 -> 43843
A13: Araceli Gandara – 2236-4498 | B13: 24.9 | C13: =B13 -> 24.9
A14: Melanie Gardas – 2344-9181 | B14: 28.24 | C14: =B14 -> 28.24
A15: Ajay Punjabi - 3569-3676 | B15: 24.23 | C15: =B15 -> 24.23
D17: =SUM(B13:C15) -> 154.74
B20: Employee – EMPL | C20: Employer – SMPRC | D20: Amount Due
A21: =A12+7 -> 43850
A22: Araceli Gandara – 2236-4498 | B22: 24.9 | C22: =B22 -> 24.9
A23: Melanie Gardas – 2344-9181 | B23: 29.07 | C23: =B23 -> 29.07
A24: Ajay Punjabi - 3569-3676 | B24: 24.23 | C24: =B24 -> 24.23
D26: =SUM(B21:C24) -> 156.4
B28: Employee – EMPL | C28: Employer – SMPRC | D28: Amount Due
A29: =A21+7 -> 43857
A30: Araceli Gandara – 2236-4498 | B30: 24.9 | C30: =B30 -> 24.9
A31: Melanie Gardas – 2344-9181 | B31: 29.05 | C31: =B31 -> 29.05
A32: Ajay Punjabi - 3569-3676 | B32: 24.23 | C32: =B32 -> 24.23
D34: =SUM(B29:C32) -> 156.36
B36: Employee – EMPL | C36: Employer – SMPRC | D36: Amount Due
A38: Araceli Gandara – 2236-4498 | C38: =B38 -> 0
A39: Melanie Gardas – 2344-9181 | C39: =B39 -> 0
A40: Ajay Punjabi - 3569-3676 | C40: =B40 -> 0
D42: =SUM(B37:C40) -> 0
C44: Paid | D44: =D9+D17+D26+D34+D42 -> 626.7

Sheet February 2020
A1: Home Protection Associates
A2: For Month: | B2: 43862
B3: Employee – EMPL | C3: Employer – SMPRC | D3: Amount Due
A4: =B2+IF(2 < WEEKDAY(B2), 7 - WEEKDAY(B2) + 2, 2 - WEEKDAY(B2)) -> 43864
A5: Araceli Gandara – 2236-4498 | B5: 24.9 | C5: =B5 -> 24.9
A6: Melanie Gardas – 2344-9181 | B6: 29.07 | C6: =B6 -> 29.07
A7: Ajay Punjabi - 3569-3676 | B7: 24.23 | C7: =B7 -> 24.23
D9: =SUM(B5:C7) -> 156.4
B11: Employee – EMPL | C11: Employer – SMPRC | D11: Amount Due
A12: =A4+7 -> 43871
A13: Araceli Gandara – 2236-4498 | B13: 24.9 | C13: =B13 -> 24.9
A14: Melanie Gardas – 2344-9181 | B14: 29.07 | C14: =B14 -> 29.07
A15: Ajay Punjabi - 3569-3676 | B15: 24.23 | C15: =B15 -> 24.23
D17: =SUM(B13:C15) -> 156.4
B20: Employee – EMPL | C20: Employer – SMPRC | D20: Amount Due
A21: =A12+7 -> 43878
A22: Araceli Gandara – 2236-4498 | B22: 23.5 | C22: =B22 -> 23.5
A23: Melanie Gardas – 2344-9181 | B23: 29.07 | C23: =B23 -> 29.07
A24: Ajay Punjabi - 3569-3676 | B24: 24.23 | C24: =B24 -> 24.23
D26: =SUM(B21:C24) -> 153.6
B28: Employee – EMPL | C28: Employer – SMPRC | D28: Amount Due
A29: =A21+7 -> 43885
A30: Araceli Gandara – 2236-4498 | B30: 24.9 | C30: =B30 -> 24.9
A31: Melanie Gardas – 2344-9181 | B31: 29.45 | C31: =B31 -> 29.45
A32: Ajay Punjabi - 3569-3676 | B32: 24.23 | C32: =B32 -> 24.23
D34: =SUM(B29:C32) -> 157.16
B36: Employee – EMPL | C36: Employer – SMPRC | D36: Amount Due
A38: Araceli Gandara – 2236-4498 | C38: =B38 -> 0
A39: Melanie Gardas – 2344-9181 | C39: =B39 -> 0
A40: Ajay Punjabi | C40: =B40 -> 0
D42: =SUM(B37:C40) -> 0
C44: Paid | D44: =D17+D26+D34+D9+D42 -> 623.56

Sheet March 2020
A1: Home Protection Associates
A2: For Month: | B2: 43891
B3: Employee – EMPL | C3: Employer – SMPRC | D3: Amount Due
A4: =B2+IF(2 < WEEKDAY(B2), 7 - WEEKDAY(B2) + 2, 2 - WEEKDAY(B2)) -> 43892
A5: Araceli Gandara – 2236-4498 | B5: 24.9 | C5: =B5 -> 24.9
A6: Melanie Gardas – 2344-9181 | B6: 29.07 | C6: =B6 -> 29.07
A7: Ajay Punjabi - 3569-3676 | B7: 24.23 | C7: =B7 -> 24.23
D9: =SUM(B5:C7) -> 156.4
B11: Employee – EMPL | C11: Employer – SMPRC | D11: Amount Due
A12: =A4+7 -> 43899
A13: Araceli Gandara – 2236-4498 | B13: 24.9 | C13: =B13 -> 24.9
A14: Melanie Gardas – 2344-9181 | B14: 29.07 | C14: =B14 -> 29.07
A15: Ajay Punjabi - 3569-3676 | B15: 24.23 | C15: =B15 -> 24.23
D17: =SUM(B13:C15) -> 156.4
B20: Employee – EMPL | C20: Employer – SMPRC | D20: Amount Due
A21: =A12+7 -> 43906
A22: Araceli Gandara – 2236-4498 | B22: 24.28 | C22: =B22 -> 24.28
A23: Melanie Gardas – 2344-9181 | B23: 29.07 | C23: =B23 -> 29.07
A24: Ajay Punjabi - 3569-3676 | B24: 24.23 | C24: =B24 -> 24.23
D26: =SUM(B21:C24) -> 155.16
B28: Employee – EMPL | C28: Employer – SMPRC | D28: Amount Due
A29: =A21+7 -> 43913
A30: Araceli Gandara – 2236-4498 | B30: 24.9 | C30: =B30 -> 24.9
A31: Melanie Gardas – 2344-9181 | B31: 29.2 | C31: =B31 -> 29.2
A32: Ajay Punjabi - 3569-3676 | B32: 24.23 | C32: =B32 -> 24.23
D34: =SUM(B29:C32) -> 156.66
B36: Employee – EMPL | C36: Employer – SMPRC | D36: Amount Due
A37: =A29+7 -> 43920
A38: Araceli Gandara – 2236-4498 | B38: 24.9 | C38: =B38 -> 24.9
A39: Melanie Gardas – 2344-9181 | B39: 29.07 | C39: =B39 -> 29.07
A40: Ajay Punjabi | B40: 24.23 | C40: =B40 -> 24.23
D42: =SUM(B37:C40) -> 156.4
C44: Paid | D44: =D42+D34+D26+D17+D9 -> 781.02

Sheet April 2020
A1: Home Protection Associates
A2: For Month: | B2: 43922
B3: Employee – EMPL | C3: Employer – SMPRC | D3: Amount Due
A4: =B2+IF(2 < WEEKDAY(B2), 7 - WEEKDAY(B2) + 2, 2 - WEEKDAY(B2)) -> 43927
A5: Araceli Gandara – 2236-4498 | B5: 24.9 | C5: =B5 -> 24.9
A6: Melanie Gardas – 2344-9181 | B6: 30.09 | C6: =B6 -> 30.09
A7: Ajay Punjabi - 3569-3676 | B7: 24.23 | C7: =B7 -> 24.23
D9: =SUM(B5:C7) -> 158.44
B11: Employee – EMPL | C11: Employer – SMPRC | D11: Amount Due
A12: =A4+7 -> 43934
A13: Araceli Gandara – 2236-4498 | B13: 24.9 | C13: =B13 -> 24.9
A14: Melanie Gardas – 2344-9181 | B14: 29.2 | C14: =B14 -> 29.2
A15: Ajay Punjabi - 3569-3676 | B15: 24.23 | C15: =B15 -> 24.23
D17: =SUM(B13:C15) -> 156.66
B20: Employee – EMPL | C20: Employer – SMPRC | D20: Amount Due
A21: =A12+7 -> 43941
A22: Araceli Gandara – 2236-4498 | B22: 24.9 | C22: =B22 -> 24.9
A23: Melanie Gardas – 2344-9181 | B23: 29.07 | C23: =B23 -> 29.07
A24: Ajay Punjabi - 3569-3676 | B24: 24.23 | C24: =B24 -> 24.23
D26: =SUM(B21:C24) -> 156.4
B28: Employee – EMPL | C28: Employer – SMPRC | D28: Amount Due
A29: =A21+7 -> 43948
A30: Araceli Gandara – 2236-4498 | B30: 24.9 | C30: =B30 -> 24.9
A31: Melanie Gardas – 2344-9181 | B31: 29.9 | C31: =B31 -> 29.9
A32: Ajay Punjabi - 3569-3676 | B32: 24.23 | C32: =B32 -> 24.23
D34: =SUM(B29:C32) -> 158.06
B36: Employee – EMPL | C36: Employer – SMPRC | D36: Amount Due
A37: =A29+7 -> 43955
A38: Araceli Gandara – 2236-4498 | C38: =B38 -> 0
A39: Melanie Gardas – 2344-9181 | C39: =B39 -> 0
A40: Ajay Punjabi | C40: =B40 -> 0
D42: =SUM(B37:C40) -> 0
C44: Paid | D44: =D42+D34+D26+D17+D9 -> 629.56

Sheet May 2020
A1: Home Protection Associates
A2: For Month: | B2: 43952
B3: Employee – EMPL | C3: Employer – SMPRC | D3: Amount Due
A4: =B2+IF(2 < WEEKDAY(B2), 7 - WEEKDAY(B2) + 2, 2 - WEEKDAY(B2)) -> 43955
A5: Araceli Gandara – 2236-4498 | B5: 24.9 | C5: =B5 -> 24.9
A6: Melanie Gardas – 2344-9181 | B6: 30.28 | C6: =B6 -> 30.28
A7: Ajay Punjabi - 3569-3676 | B7: 24.23 | C7: =B7 -> 24.23
D9: =SUM(B5:C7) -> 158.82
B11: Employee – EMPL | C11: Employer – SMPRC | D11: Amount Due
A12: =A4+7 -> 43962
A13: Araceli Gandara – 2236-4498 | B13: 24.9 | C13: =B13 -> 24.9
A14: Melanie Gardas – 2344-9181 | B14: 30.6 | C14: =B14 -> 30.6
A15: Ajay Punjabi - 3569-3676 | B15: 24.23 | C15: =B15 -> 24.23
D17: =SUM(B13:C15) -> 159.46
B20: Employee – EMPL | C20: Employer – SMPRC | D20: Amount Due
A21: =A12+7 -> 43969
A22: Araceli Gandara – 2236-4498 | B22: 24.9 | C22: =B22 -> 24.9
A23: Melanie Gardas – 2344-9181 | B23: 30.16 | C23: =B23 -> 30.16
A24: Ajay Punjabi - 3569-3676 | B24: 24.23 | C24: =B24 -> 24.23
D26: =SUM(B21:C24) -> 158.58
B28: Employee – EMPL | C28: Employer – SMPRC | D28: Amount Due
A29: =A21+7 -> 43976
A30: Araceli Gandara – 2236-4498 | B30: 23.03 | C30: =B30 -> 23.03
A31: Melanie Gardas – 2344-9181 | B31: 30.35 | C31: =B31 -> 30.35
A32: Ajay Punjabi - 3569-3676 | B32: 24.23 | C32: =B32 -> 24.23
D34: =SUM(B29:C32) -> 155.22
B36: Employee – EMPL | C36: Employer – SMPRC | D36: Amount Due
A37: =A29+7 -> 43983
A38: Araceli Gandara – 2236-4498 | C38: =B38 -> 0
A39: Melanie Gardas – 2344-9181 | C39: =B39 -> 0
A40: Ajay Punjabi | C40: =B40 -> 0
D42: =SUM(B37:C40) -> 0
C44: Paid | D44: =D42+D34+D26+D17+D9 -> 632.08

Sheet June 2020
A1: Home Protection Associates
A2: For Month: | B2: 43983
B3: Employee – EMPL | C3: Employer – SMPRC | D3: Amount Due
A4: =B2+IF(2 < WEEKDAY(B2), 7 - WEEKDAY(B2) + 2, 2 - WEEKDAY(B2)) -> 43983
A5: Araceli Gandara – 2236-4498 | B5: 24.9 | C5: =B5 -> 24.9
A6: Melanie Gardas – 2344-9181 | B6: 30.22 | C6: =B6 -> 30.22
A7: Ajay Punjabi - 3569-3676 | B7: 24.23 | C7: =B7 -> 24.23
D9: =SUM(B5:C7) -> 158.7
B11: Employee – EMPL | C11: Employer – SMPRC | D11: Amount Due
A12: =A4+7 -> 43990
A13: Araceli Gandara – 2236-4498 | B13: 24.9 | C13: =B13 -> 24.9
A14: Melanie Gardas – 2344-9181 | B14: 29.07 | C14: =B14 -> 29.07
A15: Ajay Punjabi - 3569-3676 | B15: 24.23 | C15: =B15 -> 24.23
D17: =SUM(B13:C15) -> 156.4
B20: Employee – EMPL | C20: Employer – SMPRC | D20: Amount Due
A21: =A12+7 -> 43997
A22: Araceli Gandara – 2236-4498 | B22: 23.66 | C22: =B22 -> 23.66
A23: Melanie Gardas – 2344-9181 | B23: 29.07 | C23: =B23 -> 29.07
A24: Ajay Punjabi - 3569-3676 | B24: 24.23 | C24: =B24 -> 24.23
D26: =SUM(B21:C24) -> 153.92
B28: Employee – EMPL | C28: Employer – SMPRC | D28: Amount Due
A29: =A21+7 -> 44004
A30: Araceli Gandara – 2236-4498 | B30: 24.9 | C30: =B30 -> 24.9
A31: Melanie Gardas – 2344-9181 | B31: 30.41 | C31: =B31 -> 30.41
A32: Ajay Punjabi - 3569-3676 | B32: 24.23 | C32: =B32 -> 24.23
D34: =SUM(B29:C32) -> 159.08
B36: Employee – EMPL | C36: Employer – SMPRC | D36: Amount Due
A37: =A29+7 -> 44011
A38: Araceli Gandara – 2236-4498 | B38: 22.41 | C38: =B38 -> 22.41
A39: Melanie Gardas – 2344-9181 | B39: 30.03 | C39: =B39 -> 30.03
A40: Ajay Punjabi | B40: 24.23 | C40: =B40 -> 24.23
D42: =SUM(B37:C40) -> 153.34
C44: Paid | D44: =D42+D34+D26+D17+D9 -> 781.44

Sheet July 2020
A1: Home Protection Associates
A2: For Month: | B2: 44013
B3: Employee – EMPL | C3: Employer – SMPRC | D3: Amount Due
A4: =B2+IF(2 < WEEKDAY(B2), 7 - WEEKDAY(B2) + 2, 2 - WEEKDAY(B2)) -> 44018
A5: Araceli Gandara – 2236-4498 | B5: 24.9 | C5: =B5 -> 24.9
A6: Melanie Gardas – 2344-9181 | B6: 30.22 | C6: =B6 -> 30.22
A7: Ajay Punjabi - 3569-3676 | B7: 24.23 | C7: =B7 -> 24.23
D9: =SUM(B5:C7) -> 158.7
B11: Employee – EMPL | C11: Employer – SMPRC | D11: Amount Due
A12: =A4+7 -> 44025
A13: Araceli Gandara – 2236-4498 | B13: 24.9 | C13: =B13 -> 24.9
A14: Melanie Gardas – 2344-9181 | B14: 29.64 | C14: =B14 -> 29.64
A15: Ajay Punjabi - 3569-3676 | B15: 24.23 | C15: =B15 -> 24.23
D17: =SUM(B13:C15) -> 157.54
B20: Employee – EMPL | C20: Employer – SMPRC | D20: Amount Due
A21: =A12+7 -> 44032
A22: Araceli Gandara – 2236-4498 | B22: 24.9 | C22: =B22 -> 24.9
A23: Melanie Gardas – 2344-9181 | B23: 30.6 | C23: =B23 -> 30.6
A24: Ajay Punjabi - 3569-3676 | B24: 24.23 | C24: =B24 -> 24.23
D26: =SUM(B21:C24) -> 159.46
B28: Employee – EMPL | C28: Employer – SMPRC | D28: Amount Due
A29: =A21+7 -> 44039
A30: Araceli Gandara – 2236-4498 | B30: 24.9 | C30: =B30 -> 24.9
A31: Melanie Gardas – 2344-9181 | B31: 29.07 | C31: =B31 -> 29.07
A32: Ajay Punjabi - 3569-3676 | B32: 24.23 | C32: =B32 -> 24.23
D34: =SUM(B29:C32) -> 156.4
B36: Employee – EMPL | C36: Employer – SMPRC | D36: Amount Due
A37: =A29+7 -> 44046
A38: Araceli Gandara – 2236-4498 | C38: =B38 -> 0
A39: Melanie Gardas – 2344-9181 | C39: =B39 -> 0
A40: Ajay Punjabi | C40: =B40 -> 0
D42: =SUM(B37:C40) -> 0
C44: Paid | D44: =D42+D34+D26+D17+D9 -> 632.1

Sheet August 2020
A1: Home Protection Associates
A2: For Month: | B2: 44044
B3: Employee – EMPL | C3: Employer – SMPRC | D3: Amount Due
A4: =B2+IF(2 < WEEKDAY(B2), 7 - WEEKDAY(B2) + 2, 2 - WEEKDAY(B2)) -> 44046
A5: Araceli Gandara – 2236-4498 | B5: 25.4 | C5: =B5 -> 25.4
A6: Melanie Gardas – 2344-9181 | B6: 30.43 | C6: =B6 -> 30.43
A7: Ajay Punjabi - 3569-3676 | B7: 24.72 | C7: =B7 -> 24.72
D9: =SUM(B5:C7) -> 161.1
B11: Employee – EMPL | C11: Employer – SMPRC | D11: Amount Due
A12: =A4+7 -> 44053
A13: Araceli Gandara – 2236-4498 | B13: 25.4 | C13: =B13 -> 25.4
A14: Melanie Gardas – 2344-9181 | B14: 29.65 | C14: =B14 -> 29.65
A15: Ajay Punjabi - 3569-3676 | B15: 24.72 | C15: =B15 -> 24.72
D17: =SUM(B13:C15) -> 159.54
B20: Employee – EMPL | C20: Employer – SMPRC | D20: Amount Due
A21: =A12+7 -> 44060
A22: Araceli Gandara – 2236-4498 | B22: 25.4 | C22: =B22 -> 25.4
A23: Melanie Gardas – 2344-9181 | B23: 29.65 | C23: =B23 -> 29.65
A24: Ajay Punjabi - 3569-3676 | B24: 27.42 | C24: =B24 -> 27.42
D26: =SUM(B21:C24) -> 164.94
B28: Employee – EMPL | C28: Employer – SMPRC | D28: Amount Due
A29: =A21+7 -> 44067
A30: Araceli Gandara – 2236-4498 | B30: 25.19 | C30: =B30 -> 25.19
A31: Melanie Gardas – 2344-9181 | B31: 31.02 | C31: =B31 -> 31.02
A32: Ajay Punjabi - 3569-3676 | B32: 27.42 | C32: =B32 -> 27.42
D34: =SUM(B29:C32) -> 167.26
B36: Employee – EMPL | C36: Employer – SMPRC | D36: Amount Due
A37: =A29+7 -> 44074
A38: Araceli Gandara – 2236-4498 | B38: 25.4 | C38: =B38 -> 25.4
A39: Melanie Gardas – 2344-9181 | B39: 29.78 | C39: =B39 -> 29.78
A40: Ajay Punjabi | B40: 24.72 | C40: =B40 -> 24.72
D42: =SUM(B37:C40) -> 159.8
C44: Paid | D44: =D42+D34+D26+D17+D9 -> 812.64

Sheet September 2020
A1: Home Protection Associates
A2: For Month: | B2: 44075
B3: Employee – EMPL | C3: Employer – SMPRC | D3: Amount Due
A4: =B2+IF(2 < WEEKDAY(B2), 7 - WEEKDAY(B2) + 2, 2 - WEEKDAY(B2)) -> 44081
A5: Araceli Gandara – 2236-4498 | B5: 25.4 | C5: =B5 -> 25.4
A6: Melanie Gardas – 2344-9181 | B6: 29.65 | C6: =B6 -> 29.65
A7: Ajay Punjabi - 3569-3676 | B7: 24.72 | C7: =B7 -> 24.72
D9: =SUM(B5:C7) -> 159.54
B11: Employee – EMPL | C11: Employer – SMPRC | D11: Amount Due
A12: =A4+7 -> 44088
A13: Araceli Gandara – 2236-4498 | B13: 25.4 | C13: =B13 -> 25.4
A14: Melanie Gardas – 2344-9181 | B14: 29.65 | C14: =B14 -> 29.65
A15: Ajay Punjabi - 3569-3676 | B15: 24.72 | C15: =B15 -> 24.72
D17: =SUM(B13:C15) -> 159.54
B20: Employee – EMPL | C20: Employer – SMPRC | D20: Amount Due
A21: =A12+7 -> 44095
A22: Araceli Gandara – 2236-4498 | B22: 25.34 | C22: =B22 -> 25.34
A23: Melanie Gardas – 2344-9181 | B23: 29.65 | C23: =B23 -> 29.65
A24: Ajay Punjabi - 3569-3676 | B24: 24.72 | C24: =B24 -> 24.72
D26: =SUM(B21:C24) -> 159.42
B28: Employee – EMPL | C28: Employer – SMPRC | D28: Amount Due
A29: =A21+7 -> 44102
A30: Araceli Gandara – 2236-4498 | B30: 25.4 | C30: =B30 -> 25.4
A31: Melanie Gardas – 2344-9181 | B31: 29.65 | C31: =B31 -> 29.65
A32: Ajay Punjabi - 3569-3676 | B32: 24.72 | C32: =B32 -> 24.72
D34: =SUM(B29:C32) -> 159.54
B36: Employee – EMPL | C36: Employer – SMPRC | D36: Amount Due
A37: =A29+7 -> 44109
A38: Araceli Gandara – 2236-4498 | C38: =B38 -> 0
A39: Melanie Gardas – 2344-9181 | C39: =B39 -> 0
A40: Ajay Punjabi | C40: =B40 -> 0
D42: =SUM(B37:C40) -> 0
C44: Paid | D44: =D42+D34+D26+D17+D9 -> 638.04

Sheet October 2020
A1: Home Protection Associates
A2: For Month: | B2: 44105
B3: Employee – EMPL | C3: Employer – SMPRC | D3: Amount Due
A4: =B2+IF(2 < WEEKDAY(B2), 7 - WEEKDAY(B2) + 2, 2 - WEEKDAY(B2)) -> 44109
A5: Araceli Gandara – 2236-4498 | B5: 25.4 | C5: =B5 -> 25.4
A6: Melanie Gardas – 2344-9181 | B6: 29.65 | C6: =B6 -> 29.65
A7: Ajay Punjabi - 3569-3676 | B7: 24.72 | C7: =B7 -> 24.72
D9: =SUM(B5:C7) -> 159.54
B11: Employee – EMPL | C11: Employer – SMPRC | D11: Amount Due
A12: =A4+7 -> 44116
A13: Araceli Gandara – 2236-4498 | B13: 20.32 | C13: =B13 -> 20.32
A14: Melanie Gardas – 2344-9181 | B14: 29.59 | C14: =B14 -> 29.59
A15: Ajay Punjabi - 3569-3676 | B15: 24.72 | C15: =B15 -> 24.72
D17: =SUM(B13:C15) -> 149.26
B20: Employee – EMPL | C20: Employer – SMPRC | D20: Amount Due
A21: =A12+7 -> 44123
A22: Araceli Gandara – 2236-4498 | B22: 25.4 | C22: =B22 -> 25.4
A23: Melanie Gardas – 2344-9181 | B23: 29.65 | C23: =B23 -> 29.65
A24: Ajay Punjabi - 3569-3676 | B24: 24.72 | C24: =B24 -> 24.72
D26: =SUM(B21:C24) -> 159.54
B28: Employee – EMPL | C28: Employer – SMPRC | D28: Amount Due
A29: =A21+7 -> 44130
A30: Araceli Gandara – 2236-4498 | B30: 24.92 | C30: =B30 -> 24.92
A31: Melanie Gardas – 2344-9181 | B31: 29.65 | C31: =B31 -> 29.65
A32: Ajay Punjabi - 3569-3676 | B32: 24.72 | C32: =B32 -> 24.72
D34: =SUM(B29:C32) -> 158.58
B36: Employee – EMPL | C36: Employer – SMPRC | D36: Amount Due
A38: Araceli Gandara – 2236-4498 | C38: =B38 -> 0
A39: Melanie Gardas – 2344-9181 | C39: =B39 -> 0
A40: Ajay Punjabi | C40: =B40 -> 0
D42: =SUM(B37:C40) -> 0
C44: Paid | D44: =D42+D34+D26+D17+D9 -> 626.92

Sheet November 2020
A1: Home Protection Associates
A2: For Month: | B2: 44136
B3: Employee – EMPL | C3: Employer – SMPRC | D3: Amount Due
A4: =B2+IF(2 < WEEKDAY(B2), 7 - WEEKDAY(B2) + 2, 2 - WEEKDAY(B2)) -> 44137
A5: Araceli Gandara – 2236-4498 | B5: 25.4 | C5: =B5 -> 25.4
A6: Melanie Gardas – 2344-9181 | B6: 29.32 | C6: =B6 -> 29.32
A7: Ajay Punjabi - 3569-3676 | B7: 24.72 | C7: =B7 -> 24.72
D9: =SUM(B5:C7) -> 158.88
B11: Employee – EMPL | C11: Employer – SMPRC | D11: Amount Due
A12: =A4+7 -> 44144
A13: Araceli Gandara – 2236-4498 | B13: 25.4 | C13: =B13 -> 25.4
A14: Melanie Gardas – 2344-9181 | B14: 29.65 | C14: =B14 -> 29.65
A15: Ajay Punjabi - 3569-3676 | B15: 24.72 | C15: =B15 -> 24.72
D17: =SUM(B13:C15) -> 159.54
B20: Employee – EMPL | C20: Employer – SMPRC | D20: Amount Due
A21: =A12+7 -> 44151
A22: Araceli Gandara – 2236-4498 | B22: 25.19 | C22: =B22 -> 25.19
A23: Melanie Gardas – 2344-9181 | B23: 29.52 | C23: =B23 -> 29.52
A24: Ajay Punjabi - 3569-3676 | B24: 24.72 | C24: =B24 -> 24.72
D26: =SUM(B21:C24) -> 158.86
B28: Employee – EMPL | C28: Employer – SMPRC | D28: Amount Due
A29: =A21+7 -> 44158
A30: Araceli Gandara – 2236-4498 | B30: 25.4 | C30: =B30 -> 25.4
A31: Melanie Gardas – 2344-9181 | B31: 29.65 | C31: =B31 -> 29.65
A32: Ajay Punjabi - 3569-3676 | B32: 24.72 | C32: =B32 -> 24.72
D34: =SUM(B29:C32) -> 159.54
B36: Employee – EMPL | C36: Employer – SMPRC | D36: Amount Due
A37: =A29+7 -> 44165
A38: Araceli Gandara – 2236-4498 | B38: 25.4 | C38: =B38 -> 25.4
A39: Melanie Gardas – 2344-9181 | B39: 29.32 | C39: =B39 -> 29.32
A40: Ajay Punjabi | B40: 24.72 | C40: =B40 -> 24.72
D42: =SUM(B37:C40) -> 158.88
C44: Paid | D44: =D42+D34+D26+D17+D9 -> 795.7

Sheet December 2020
A1: Home Protection Associates
A2: For Month: | B2: 44166
B3: Employee – EMPL | C3: Employer – SMPRC | D3: Amount Due
A4: =B2+IF(2 < WEEKDAY(B2), 7 - WEEKDAY(B2) + 2, 2 - WEEKDAY(B2)) -> 44172
A5: Araceli Gandara – 2236-4498 | B5: 25.4 | C5: =B5 -> 25.4
A6: Melanie Gardas – 2344-9181 | B6: 29.71 | C6: =B6 -> 29.71
A7: Ajay Punjabi - 3569-3676 | B7: 24.72 | C7: =B7 -> 24.72
D9: =SUM(B5:C7) -> 159.66
B11: Employee – EMPL | C11: Employer – SMPRC | D11: Amount Due
A12: =A4+7 -> 44179
A13: Araceli Gandara – 2236-4498 | B13: 25.4 | C13: =B13 -> 25.4
A14: Melanie Gardas – 2344-9181 | B14: 29.65 | C14: =B14 -> 29.65
A15: Ajay Punjabi - 3569-3676 | B15: 24.72 | C15: =B15 -> 24.72
D17: =SUM(B13:C15) -> 159.54
B20: Employee – EMPL | C20: Employer – SMPRC | D20: Amount Due
A21: =A12+7 -> 44186
A22: Araceli Gandara – 2236-4498 | B22: 24.13 | C22: =B22 -> 24.13
A23: Melanie Gardas – 2344-9181 | B23: 29.65 | C23: =B23 -> 29.65
A24: Ajay Punjabi - 3569-3676 | B24: 24.72 | C24: =B24 -> 24.72
D26: =SUM(B21:C24) -> 157
B28: Employee – EMPL | C28: Employer – SMPRC | D28: Amount Due
A29: =A21+7 -> 44193
A30: Araceli Gandara – 2236-4498 | B30: 25.4 | C30: =B30 -> 25.4
A31: Melanie Gardas – 2344-9181 | B31: 29.39 | C31: =B31 -> 29.39
A32: Ajay Punjabi - 3569-3676 | B32: 24.72 | C32: =B32 -> 24.72
D34: =SUM(B29:C32) -> 159.02
B36: Employee – EMPL | C36: Employer – SMPRC | D36: Amount Due
A38: Araceli Gandara – 2236-4498 | C38: =B38 -> 0
A39: Melanie Gardas – 2344-9181 | C39: =B39 -> 0
A40: Ajay Punjabi | C40: =B40 -> 0
D42: =SUM(B37:C40) -> 0
C44: Paid | D44: =D42+D34+D26+D17+D9 -> 635.22

Sheet January 2021
A1: Home Protection Associates
A2: For Month: | B2: 44197
B3: Employee – EMPL | C3: Employer – SMPRC | D3: Amount Due
A4: =B2+IF(2 < WEEKDAY(B2), 7 - WEEKDAY(B2) + 2, 2 - WEEKDAY(B2)) -> 44200
A5: Araceli Gandara – 2236-4498 | B5: 25.4 | C5: =B5 -> 25.4
A6: Melanie Gardas – 2344-9181 | B6: 29.65 | C6: =B6 -> 29.65
A7: Ajay Punjabi - 3569-3676 | B7: 24.72 | C7: =B7 -> 24.72
D9: =SUM(B5:C7) -> 159.54
B11: Employee – EMPL | C11: Employer – SMPRC | D11: Amount Due
A12: =A4+7 -> 44207
A13: Araceli Gandara – 2236-4498 | B13: 25.4 | C13: =B13 -> 25.4
A14: Melanie Gardas – 2344-9181 | B14: 30.17 | C14: =B14 -> 30.17
A15: Ajay Punjabi - 3569-3676 | B15: 24.72 | C15: =B15 -> 24.72
D17: =SUM(B13:C15) -> 160.58
B20: Employee – EMPL | C20: Employer – SMPRC | D20: Amount Due
A21: =A12+7 -> 44214
A22: Araceli Gandara – 2236-4498 | B22: 25.4 | C22: =B22 -> 25.4
A23: Melanie Gardas – 2344-9181 | B23: 31.21 | C23: =B23 -> 31.21
A24: Ajay Punjabi - 3569-3676 | B24: 24.72 | C24: =B24 -> 24.72
D26: =SUM(B21:C24) -> 162.66
B28: Employee – EMPL | C28: Employer – SMPRC | D28: Amount Due
A29: =A21+7 -> 44221
A30: Araceli Gandara – 2236-4498 | B30: 25.4 | C30: =B30 -> 25.4
A31: Melanie Gardas – 2344-9181 | B31: 31.21 | C31: =B31 -> 31.21
A32: Ajay Punjabi - 3569-3676 | B32: 24.72 | C32: =B32 -> 24.72
D34: =SUM(B29:C32) -> 162.66
B36: Employee – EMPL | C36: Employer – SMPRC | D36: Amount Due
A38: Araceli Gandara – 2236-4498 | C38: =B38 -> 0
A39: Melanie Gardas – 2344-9181 | C39: =B39 -> 0
A40: Ajay Punjabi | C40: =B40 -> 0
D42: =SUM(B37:C40) -> 0
C44: Paid | D44: =D42+D34+D26+D17+D9 -> 645.44

Sheet February 2021
A1: Home Protection Associates
A2: For Month: | B2: 44228
B3: Employee – EMPL | C3: Employer – SMPRC | D3: Amount Due
A4: =B2+IF(2 < WEEKDAY(B2), 7 - WEEKDAY(B2) + 2, 2 - WEEKDAY(B2)) -> 44228
A5: Araceli Gandara – 2236-4498 | B5: 25.4 | C5: =B5 -> 25.4
A6: Melanie Gardas – 2344-9181 | B6: 29.98 | C6: =B6 -> 29.98
A7: Ajay Punjabi - 3569-3676 | B7: 24.72 | C7: =B7 -> 24.72
D9: =SUM(B5:C7) -> 160.2
B11: Employee – EMPL | C11: Employer – SMPRC | D11: Amount Due
A12: =A4+7 -> 44235
A13: Araceli Gandara – 2236-4498 | B13: 25.4 | C13: =B13 -> 25.4
A14: Melanie Gardas – 2344-9181 | B14: 30.1 | C14: =B14 -> 30.1
A15: Ajay Punjabi - 3569-3676 | B15: 24.72 | C15: =B15 -> 24.72
D17: =SUM(B13:C15) -> 160.44
B20: Employee – EMPL | C20: Employer – SMPRC | D20: Amount Due
A21: =A12+7 -> 44242
A22: Araceli Gandara – 2236-4498 | B22: 22.86 | C22: =B22 -> 22.86
A23: Melanie Gardas – 2344-9181 | B23: 29.26 | C23: =B23 -> 29.26
A24: Ajay Punjabi - 3569-3676 | B24: 24.72 | C24: =B24 -> 24.72
D26: =SUM(B21:C24) -> 153.68
B28: Employee – EMPL | C28: Employer – SMPRC | D28: Amount Due
A29: =A21+7 -> 44249
A30: Araceli Gandara – 2236-4498 | B30: 25.4 | C30: =B30 -> 25.4
A31: Melanie Gardas – 2344-9181 | B31: 29.26 | C31: =B31 -> 29.26
A32: Ajay Punjabi - 3569-3676 | B32: 24.72 | C32: =B32 -> 24.72
D34: =SUM(B29:C32) -> 158.76
B36: Employee – EMPL | C36: Employer – SMPRC | D36: Amount Due
A38: Araceli Gandara – 2236-4498 | C38: =B38 -> 0
A39: Melanie Gardas – 2344-9181 | C39: =B39 -> 0
A40: Ajay Punjabi | C40: =B40 -> 0
D42: =SUM(B37:C40) -> 0
C44: Paid | D44: =D42+D34+D26+D17+D9 -> 633.08

Sheet March 2021
A1: Home Protection Associates
A2: For Month: | B2: 44256
B3: Employee – EMPL | C3: Employer – SMPRC | D3: Amount Due
A4: =B2+IF(2 < WEEKDAY(B2), 7 - WEEKDAY(B2) + 2, 2 - WEEKDAY(B2)) -> 44256
A5: Araceli Gandara – 2236-4498 | B5: 25.4 | C5: =B5 -> 25.4
A6: Melanie Gardas – 2344-9181 | B6: 29.07 | C6: =B6 -> 29.07
A7: Ajay Punjabi - 3569-3676 | B7: 24.72 | C7: =B7 -> 24.72
D9: =SUM(B5:C7) -> 158.38
B11: Employee – EMPL | C11: Employer – SMPRC | D11: Amount Due
A12: =A4+7 -> 44263
A13: Araceli Gandara – 2236-4498 | B13: 25.4 | C13: =B13 -> 25.4
A14: Melanie Gardas – 2344-9181 | B14: 29.26 | C14: =B14 -> 29.26
A15: Ajay Punjabi - 3569-3676 | B15: 24.72 | C15: =B15 -> 24.72
D17: =SUM(B13:C15) -> 158.76
B20: Employee – EMPL | C20: Employer – SMPRC | D20: Amount Due
A21: =A12+7 -> 44270
A22: Araceli Gandara – 2236-4498 | B22: 25.4 | C22: =B22 -> 25.4
A23: Melanie Gardas – 2344-9181 | B23: 29.26 | C23: =B23 -> 29.26
A24: Ajay Punjabi - 3569-3676 | B24: 24.72 | C24: =B24 -> 24.72
D26: =SUM(B21:C24) -> 158.76
B28: Employee – EMPL | C28: Employer – SMPRC | D28: Amount Due
A29: =A21+7 -> 44277
A30: Araceli Gandara – 2236-4498 | B30: 25.4 | C30: =B30 -> 25.4
A31: Melanie Gardas – 2344-9181 | B31: 29.26 | C31: =B31 -> 29.26
A32: Ajay Punjabi - 3569-3676 | B32: 24.72 | C32: =B32 -> 24.72
D34: =SUM(B29:C32) -> 158.76
B36: Employee – EMPL | C36: Employer – SMPRC | D36: Amount Due
A37: =A29+7 -> 44284
A38: Araceli Gandara – 2236-4498 | B38: 25.4 | C38: =B38 -> 25.4
A39: Melanie Gardas – 2344-9181 | B39: 29.26 | C39: =B39 -> 29.26
A40: Ajay Punjabi | B40: 24.72 | C40: =B40 -> 24.72
D42: =SUM(B37:C40) -> 158.76
C44: Paid | D44: =D42+D34+D26+D17+D9 -> 793.42

Sheet April 2021
A1: Home Protection Associates
A2: For Month: | B2: 44287
B3: Employee – EMPL | C3: Employer – SMPRC | D3: Amount Due
A4: =B2+IF(2 < WEEKDAY(B2), 7 - WEEKDAY(B2) + 2, 2 - WEEKDAY(B2)) -> 44291
A5: Araceli Gandara – 2236-4498 | B5: 25.4 | C5: =B5 -> 25.4
A6: Melanie Gardas – 2344-9181 | B6: 29.26 | C6: =B6 -> 29.26
A7: Ajay Punjabi - 3569-3676 | B7: 24.72 | C7: =B7 -> 24.72
D9: =SUM(B5:C7) -> 158.76
B11: Employee – EMPL | C11: Employer – SMPRC | D11: Amount Due
A12: =A4+7 -> 44298
A13: Araceli Gandara – 2236-4498 | B13: 67.73 | C13: 25.4
A14: Melanie Gardas – 2344-9181 | B14: 29.46 | C14: =B14 -> 29.46
A15: Ajay Punjabi - 3569-3676 | B15: 24.72 | C15: =B15 -> 24.72
D17: =SUM(B13:C15) -> 201.49
B20: Employee – EMPL | C20: Employer – SMPRC | D20: Amount Due
A21: =A12+7 -> 44305
A22: Araceli Gandara – 2236-4498 | B22: 126.99 | C22: 25.4
A23: Melanie Gardas – 2344-9181 | B23: 29.07 | C23: =B23 -> 29.07
A24: Ajay Punjabi - 3569-3676 | B24: 24.72 | C24: =B24 -> 24.72
D26: =SUM(B21:C24) -> 259.97
B28: Employee – EMPL | C28: Employer – SMPRC | D28: Amount Due
A29: =A21+7 -> 44312
A30: Araceli Gandara – 2236-4498 | B30: 126.99 | C30: 25.4
A31: Melanie Gardas – 2344-9181 | B31: 29.26 | C31: =B31 -> 29.26
A32: Ajay Punjabi - 3569-3676 | B32: 24.72 | C32: =B32 -> 24.72
D34: =SUM(B29:C32) -> 260.35
B36: Employee – EMPL | C36: Employer – SMPRC | D36: Amount Due
A38: Araceli Gandara – 2236-4498 | C38: =B38 -> 0
A39: Melanie Gardas – 2344-9181 | C39: =B39 -> 0
A40: Ajay Punjabi | C40: =B40 -> 0
D42: =SUM(B37:C40) -> 0
C44: Paid | D44: =D42+D34+D26+D17+D9 -> 880.57

Sheet May 2021
A1: Home Protection Associates
A2: For Month: | B2: 44317
B3: Employee – EMPL | C3: Employer – SMPRC | D3: Amount Due
A4: =B2+IF(2 < WEEKDAY(B2), 7 - WEEKDAY(B2) + 2, 2 - WEEKDAY(B2)) -> 44319
A5: Araceli Gandara – 2236-4498 | B5: 126.99 | C5: 25.4
A6: Melanie Gardas – 2344-9181 | B6: 29.39 | C6: =B6 -> 29.39
A7: Ajay Punjabi - 3569-3676 | B7: 24.72 | C7: =B7 -> 24.72
D9: =SUM(B5:C7) -> 260.61
B11: Employee – EMPL | C11: Employer – SMPRC | D11: Amount Due
A12: =A4+7 -> 44326
A13: Araceli Gandara – 2236-4498 | B13: 120.64 | C13: 25.4
A14: Melanie Gardas – 2344-9181 | B14: 29.07 | C14: =B14 -> 29.07
A15: Ajay Punjabi - 3569-3676 | B15: 24.72 | C15: =B15 -> 24.72
D17: =SUM(B13:C15) -> 253.62
B20: Employee – EMPL | C20: Employer – SMPRC | D20: Amount Due
A21: =A12+7 -> 44333
A22: Araceli Gandara – 2236-4498 | B22: 126.99 | C22: 25.4
A23: Melanie Gardas – 2344-9181 | B23: 29.26 | C23: =B23 -> 29.26
A24: Ajay Punjabi - 3569-3676 | B24: 24.72 | C24: =B24 -> 24.72
D26: =SUM(B21:C24) -> 260.35
B28: Employee – EMPL | C28: Employer – SMPRC | D28: Amount Due
A29: =A21+7 -> 44340
A30: Araceli Gandara – 2236-4498 | B30: 126.99 | C30: 25.4
A31: Melanie Gardas – 2344-9181 | B31: 29.07 | C31: =B31 -> 29.07
A32: Ajay Punjabi - 3569-3676 | B32: 24.72 | C32: =B32 -> 24.72
D34: =SUM(B29:C32) -> 259.97
B36: Employee – EMPL | C36: Employer – SMPRC | D36: Amount Due
A37: =A29+7 -> 44347
A38: Araceli Gandara – 2236-4498 | C38: 25.4
A39: Melanie Gardas – 2344-9181 | C39: =B39 -> 0
A40: Ajay Punjabi | C40: =B40 -> 0
D42: =SUM(B37:C40) -> 25.4
C44: Paid | D44: =D42+D34+D26+D17+D9 -> 1059.95

Sheet June 2021
A1: Home Protection Associates
A2: For Month: | B2: 44348
B3: Employee – EMPL | C3: Employer – SMPRC | D3: Amount Due
A4: =B2+IF(2 < WEEKDAY(B2), 7 - WEEKDAY(B2) + 2, 2 - WEEKDAY(B2)) -> 44354
A5: Araceli Gandara – 2236-4498 | B5: 126.99 | C5: =B5*0.3 -> 38.097
A6: Melanie Gardas – 2344-9181 | B6: 17.95 | C6: =B6 -> 17.95
A7: Ajay Punjabi - 3569-3676 | B7: 24.72 | C7: =B7 -> 24.72
D9: =SUM(B5:C7) -> 250.427
B11: Employee – EMPL | C11: Employer – SMPRC | D11: Amount Due
A12: =A4+7 -> 44361
A13: Araceli Gandara – 2236-4498 | B13: 126.99 | C13: =B13*0.3 -> 38.097
A14: Melanie Gardas – 2344-9181 | B14: 29.26 | C14: =B14 -> 29.26
A15: Ajay Punjabi - 3569-3676 | B15: 24.72 | C15: =B15 -> 24.72
D17: =SUM(B13:C15) -> 273.047
B20: Employee – EMPL | C20: Employer – SMPRC | D20: Amount Due
A21: =A12+7 -> 44368
A22: Araceli Gandara – 2236-4498 | B22: 126.99 | C22: =B22*0.3 -> 38.097
A23: Melanie Gardas – 2344-9181 | B23: 29.26 | C23: =B23 -> 29.26
A24: Ajay Punjabi - 3569-3676 | B24: 24.72 | C24: =B24 -> 24.72
D26: =SUM(B21:C24) -> 273.047
B28: Employee – EMPL | C28: Employer – SMPRC | D28: Amount Due
A29: =A21+7 -> 44375
A30: Araceli Gandara – 2236-4498 | B30: 126.99 | C30: =B30*0.3 -> 38.097
A31: Melanie Gardas – 2344-9181 | B31: 29.13 | C31: =B31 -> 29.13
A32: Ajay Punjabi - 3569-3676 | B32: 24.72 | C32: =B32 -> 24.72
D34: =SUM(B29:C32) -> 272.787
B36: Employee – EMPL | C36: Employer – SMPRC | D36: Amount Due
A38: Araceli Gandara – 2236-4498 | C38: =B38*0.3 -> 0
A39: Melanie Gardas – 2344-9181 | C39: =B39 -> 0
A40: Ajay Punjabi | C40: =B40 -> 0
D42: =SUM(B37:C40) -> 0
C44: Paid | D44: 1069.32

Sheet July 2021
A1: Home Protection Associates
A2: For Month: | B2: 44378
B3: Employee – EMPL | C3: Employer – SMPRC | D3: Amount Due
A4: =B2+IF(2 < WEEKDAY(B2), 7 - WEEKDAY(B2) + 2, 2 - WEEKDAY(B2)) -> 44382
A5: Araceli Gandara – 2236-4498 | B5: 126.99 | C5: =B5*0.3 -> 38.097
A6: Melanie Gardas – 2344-9181 | B6: 26.01 | C6: =B6 -> 26.01
A7: Ajay Punjabi - 3569-3676 | B7: 24.72 | C7: =B7 -> 24.72
D9: =SUM(B5:C7) -> 266.547
B11: Employee – EMPL | C11: Employer – SMPRC | D11: Amount Due
A12: =A4+7 -> 44389
A13: Araceli Gandara – 2236-4498 | B13: 152.39 | C13: 38.1
A14: Melanie Gardas – 2344-9181 | B14: 26.59 | C14: =B14 -> 26.59
A15: Ajay Punjabi - 3569-3676 | B15: 24.72 | C15: =B15 -> 24.72
D17: =SUM(B13:C15) -> 293.11
B20: Employee – EMPL | C20: Employer – SMPRC | D20: Amount Due
A21: =A12+7 -> 44396
A22: Araceli Gandara – 2236-4498 | B22: 126.99 | C22: =B22*0.3 -> 38.097
A23: Melanie Gardas – 2344-9181 | B23: 28.09 | C23: =B23 -> 28.09
A24: Ajay Punjabi - 3569-3676 | B24: 24.72 | C24: =B24 -> 24.72
D26: =SUM(B21:C24) -> 270.707
B28: Employee – EMPL | C28: Employer – SMPRC | D28: Amount Due
A29: =A21+7 -> 44403
A30: Araceli Gandara – 2236-4498 | B30: 129.99 | C30: 38.98
A31: Melanie Gardas – 2344-9181 | B31: 28.63 | C31: =B31 -> 28.63
A32: Ajay Punjabi - 3569-3676 | B32: 24.72 | C32: =B32 -> 24.72
D34: =SUM(B29:C32) -> 275.67
B36: Employee – EMPL | C36: Employer – SMPRC | D36: Amount Due
A38: Araceli Gandara – 2236-4498 | C38: =B38*0.3 -> 0
A39: Melanie Gardas – 2344-9181 | C39: =B39 -> 0
A40: Ajay Punjabi | C40: =B40 -> 0
D42: =SUM(B37:C40) -> 0
C44: Paid | D44: 1106.04

Sheet August 2021
A1: Home Protection Associates
A2: For Month: | B2: 44409
B3: Employee – EMPL | C3: Employer – SMPRC | D3: Amount Due
A4: =B2+IF(2 < WEEKDAY(B2), 7 - WEEKDAY(B2) + 2, 2 - WEEKDAY(B2)) -> 44410
A5: Araceli Gandara – 2236-4498 | B5: 121.87 | C5: 37.56
A6: Melanie Gardas – 2344-9181 | B6: 53.02 | C6: 31.09
A7: Ajay Punjabi - 3569-3676 | B7: 25.22 | C7: 25.22
D9: =SUM(B5:C7) -> 293.98
B11: Employee – EMPL | C11: Employer – SMPRC | D11: Amount Due
A12: =A4+7 -> 44417
A13: Araceli Gandara – 2236-4498 | B13: 129.99 | C13: 40.25
A14: Melanie Gardas – 2344-9181 | B14: 49.81 | C14: 30.09
A15: Ajay Punjabi - 3569-3676 | B15: 25.22 | C15: 25.22
D17: =SUM(B13:C15) -> 300.58
B20: Employee – EMPL | C20: Employer – SMPRC | D20: Amount Due
A21: =A12+7 -> 44424
A22: Araceli Gandara – 2236-4498 | B22: 129.99 | C22: 40.25
A23: Melanie Gardas – 2344-9181 | B23: 49.6 | C23: 30.76
A24: Ajay Punjabi - 3569-3676 | B24: 25.22 | C24: 25.22
D26: =SUM(B21:C24) -> 301.04
B28: Employee – EMPL | C28: Employer – SMPRC | D28: Amount Due
A29: =A21+7 -> 44431
A30: Araceli Gandara – 2236-4498 | B30: 112.67 | C30: 35.05
A31: Melanie Gardas – 2344-9181 | B31: 49.71 | C31: 30.82
A32: Ajay Punjabi - 3569-3676 | B32: 25.22 | C32: 25.22
D34: =SUM(B29:C32) -> 278.69
B36: Employee – EMPL | C36: Employer – SMPRC | D36: Amount Due
A37: =A29+7 -> 44438
A38: Araceli Gandara – 2236-4498 | B38: 129.99 | C38: 40.25
A39: Melanie Gardas – 2344-9181 | B39: 49.04 | C39: 30.43
A40: Ajay Punjabi | B40: 25.22 | C40: 25.22
D42: =SUM(B37:C40) -> 300.15
C44: Paid | D44: =D42+D34+D26+D17+D9 -> 1474.44

Sheet September 2021
A1: Home Protection Associates
A2: For Month: | B2: 44440
B3: Employee – EMPL | C3: Employer – SMPRC | D3: Amount Due
A4: =B2+IF(2 < WEEKDAY(B2), 7 - WEEKDAY(B2) + 2, 2 - WEEKDAY(B2)) -> 44445
A5: Araceli Gandara – 2236-4498 | B5: 129.99 | C5: 38.99
A6: Melanie Gardas – 2344-9181 | B6: 49.38 | C6: =987.5*0.03 -> 29.625
A7: Ajay Punjabi - 3569-3676 | B7: 24.72 | C7: =B7 -> 24.72
D9: =SUM(B5:C7) -> 297.425
B11: Employee – EMPL | C11: Employer – SMPRC | D11: Amount Due
A12: =A4+7 -> 44452
A13: Araceli Gandara – 2236-4498 | B13: 123.49 | C13: =B13*0.3 -> 37.047
A14: Melanie Gardas – 2344-9181 | B14: 49.71 | C14: =994.13*0.03 -> 29.8239
A15: Ajay Punjabi - 3569-3676 | B15: 24.72 | C15: =B15 -> 24.72
D17: =SUM(B13:C15) -> 289.5109
B20: Employee – EMPL | C20: Employer – SMPRC | D20: Amount Due
A21: =A12+7 -> 44459
A22: Araceli Gandara – 2236-4498 | B22: 129.99 | C22: =B22*0.3 -> 38.997
A23: Melanie Gardas – 2344-9181 | B23: 49.27 | C23: =985.38*0.03 -> 29.5614
A24: Ajay Punjabi - 3569-3676 | B24: 24.72 | C24: =B24 -> 24.72
D26: =SUM(B21:C24) -> 297.2584
B28: Employee – EMPL | C28: Employer – SMPRC | D28: Amount Due
A29: =A21+7 -> 44466
A30: Araceli Gandara – 2236-4498 | B30: 125.12 | C30: =B30*0.3 -> 37.536
A31: Melanie Gardas – 2344-9181 | B31: 49.71 | C31: =969.74*0.03 -> 29.0922
A32: Ajay Punjabi - 3569-3676 | B32: 24.72 | C32: =B32 -> 24.72
D34: =SUM(B29:C32) -> 290.8982
B36: Employee – EMPL | C36: Employer – SMPRC | D36: Amount Due
A38: Araceli Gandara – 2236-4498 | C38: =B38*0.3 -> 0
A39: Melanie Gardas – 2344-9181 | C39: =B39 -> 0
A40: Ajay Punjabi | C40: =B40 -> 0
D42: =SUM(B37:C40) -> 0
C44: Paid | D44: =D42+D34+D26+D17+D9 -> 1175.0925

Sheet October 2021
A1: Home Protection Associates
A2: For Month: | B2: 44470
B3: Employee – EMPL | C3: Employer – SMPRC | D3: Amount Due
A4: =B2+IF(2 < WEEKDAY(B2), 7 - WEEKDAY(B2) + 2, 2 - WEEKDAY(B2)) -> 44473
A5: Araceli Gandara – 2236-4498 | B5: 129.99 | C5: 39
A6: Melanie Gardas – 2344-9181 | B6: 49.38 | C6: 29.63
A7: Ajay Punjabi - 3569-3676 | B7: 24.72 | C7: 24.72
D9: =SUM(B5:C7) -> 297.44
B11: Employee – EMPL | C11: Employer – SMPRC | D11: Amount Due
A12: =A4+7 -> 44480
A13: Araceli Gandara – 2236-4498 | B13: 129.99 | C13: 38.99
A14: Melanie Gardas – 2344-9181 | B14: 49.04 | C14: 29.43
A15: Ajay Punjabi - 3569-3676 | B15: 24.72 | C15: 24.72
D17: =SUM(B13:C15) -> 296.89
B20: Employee – EMPL | C20: Employer – SMPRC | D20: Amount Due
A21: =A12+7 -> 44487
A22: Araceli Gandara – 2236-4498 | B22: 129.99 | C22: 38.99
A23: Melanie Gardas – 2344-9181 | B23: 48.71 | C23: 29.23
A24: Ajay Punjabi - 3569-3676 | C24: =B24 -> 0
D26: =SUM(B21:C24) -> 246.92
B28: Employee – EMPL | C28: Employer – SMPRC | D28: Amount Due
A29: =A21+7 -> 44494
A30: Araceli Gandara – 2236-4498 | B30: 129.99 | C30: 39
A31: Melanie Gardas – 2344-9181 | B31: 49.71 | C31: 29.82
A32: Ajay Punjabi - 3569-3676 | B32: 24.72 | C32: 24.72
D34: =SUM(B29:C32) -> 297.96
B36: Employee – EMPL | C36: Employer – SMPRC | D36: Amount Due
A38: Araceli Gandara – 2236-4498 | C38: =B38*0.3 -> 0
A39: Melanie Gardas – 2344-9181 | C39: =B39 -> 0
A40: Ajay Punjabi | C40: =B40 -> 0
D42: =SUM(B37:C40) -> 0
C44: Paid | D44: =D42+D34+D26+D17+D9 -> 1139.21

Sheet November 2021
A1: Home Protection Associates
A2: For Month: | B2: 44501
B3: Employee – EMPL | C3: Employer – SMPRC | D3: Amount Due
A4: 44501
A5: Araceli Gandara – 2236-4498 | B5: 129.99 | C5: 26
A6: Melanie Gardas – 2344-9181 | B6: 48.05 | C6: 28.83
A7: Ajay Punjabi - 3569-3676 | B7: 24.72 | C7: 24.72
D9: 282.31
B11: Employee – EMPL | C11: Employer – SMPRC | D11: Amount Due
A12: 44508
A13: Araceli Gandara – 2236-4498 | B13: 129.99 | C13: 26
A14: Melanie Gardas – 2344-9181 | B14: 49.04 | C14: 29.43
A15: Ajay Punjabi - 3569-3676 | B15: 24.72 | C15: 24.72
D17: 283.9
B20: Employee – EMPL | C20: Employer – SMPRC | D20: Amount Due
A21: 44515
A22: Araceli Gandara – 2236-4498 | B22: 129.99 | C22: 26
A23: Melanie Gardas – 2344-9181 | B23: 49.04 | C23: 29.43
A24: Ajay Punjabi - 3569-3676 | B24: 24.72 | C24: 24.72
D26: 283.9
B28: Employee – EMPL | C28: Employer – SMPRC | D28: Amount Due
A29: 44522
A30: Araceli Gandara – 2236-4498 | B30: 129.99 | C30: 26
A31: Melanie Gardas – 2344-9181 | B31: 49.04 | C31: 29.43
A32: Ajay Punjabi - 3569-3676 | B32: 24.72 | C32: 24.72
D34: 283.9
B36: Employee – EMPL | C36: Employer – SMPRC | D36: Amount Due
A37: 44529
A38: Araceli Gandara – 2236-4498 | B38: 129.99 | C38: 26
A39: Melanie Gardas – 2344-9181 | B39: 49.71 | C39: 29.82
A40: Ajay Punjabi | B40: 24.72 | C40: 0.22
D42: 260.46
C44: Paid | D44: 1394.47

Sheet December 2021
A1: Home Protection Associates
A2: For Month: | B2: 44531
B3: Employee – EMPL | C3: Employer – SMPRC | D3: Amount Due
A4: 44536
A5: Araceli Gandara – 2236-4498 | B5: 129.99 | C5: 26
A6: Melanie Gardas – 2344-9181 | B6: 50.37 | C6: 30.22
A7: Ajay Punjabi - 3569-3676 | B7: 24.72 | C7: 24.72
D9: 286.02
B11: Employee – EMPL | C11: Employer – SMPRC | D11: Amount Due
A12: 44543
A13: Araceli Gandara – 2236-4498 | B13: 129.99 | C13: 26
A14: Melanie Gardas – 2344-9181 | B14: 49.71 | C14: 29.82
A15: Ajay Punjabi - 3569-3676 | B15: 24.72 | C15: 24.72
D17: 284.96
B20: Employee – EMPL | C20: Employer – SMPRC | D20: Amount Due
A21: 44550
A22: Araceli Gandara – 2236-4498 | B22: 129.99 | C22: 26
A23: Melanie Gardas – 2344-9181 | B23: 48.71 | C23: 29.23
A24: Ajay Punjabi - 3569-3676 | B24: 24.72 | C24: 24.72
D26: 283.37
B28: Employee – EMPL | C28: Employer – SMPRC | D28: Amount Due
A29: 44557
A30: Araceli Gandara – 2236-4498 | B30: 129.99 | C30: 26
A31: Melanie Gardas – 2344-9181 | B31: 49.27 | C31: 29.56
A32: Ajay Punjabi - 3569-3676 | B32: 24.72 | C32: 24.72
D34: 284.26
B36: Employee – EMPL | C36: Employer – SMPRC | D36: Amount Due
A37: No Week 5 Paycheck
A38: Araceli Gandara – 2236-4498 | B38: 0 | C38: 0
A39: Melanie Gardas – 2344-9181 | B39: 0 | C39: 0
A40: Ajay Punjabi | B40: 0 | C40: 0
D42: 0
C44: Paid | D44: 1138.61

Sheet January 2022
A1: Home Protection Associates
A2: For Month: | B2: 44562
B3: Employee – EMPL | C3: Employer – SMPRC | D3: Amount Due
A4: 44564
A5: Araceli Gandara – 2236-4498 | B5: 129.99 | C5: 26
A6: Melanie Gardas – 2344-9181 | B6: 50.14 | C6: 30.09
A7: Ajay Punjabi - 3569-3676 | B7: 24.72 | C7: 24.72
D9: 285.66
B11: Employee – EMPL | C11: Employer – SMPRC | D11: Amount Due
A12: 44571
A13: Araceli Gandara – 2236-4498 | B13: 129.99 | C13: 26
A14: Melanie Gardas – 2344-9181 | B14: 49.71 | C14: 29.82
A15: Ajay Punjabi - 3569-3676 | B15: 24.72 | C15: 24.72
D17: 284.96
B20: Employee – EMPL | C20: Employer – SMPRC | D20: Amount Due
A21: 44578
A22: Araceli Gandara – 2236-4498 | B22: 129.99 | C22: 26
A23: Melanie Gardas – 2344-9181 | B23: 49.71 | C23: 29.82
A24: Ajay Punjabi - 3569-3676 | B24: 24.72 | C24: 24.72
D26: 284.96
B28: Employee – EMPL | C28: Employer – SMPRC | D28: Amount Due
A29: 44585
A30: Araceli Gandara – 2236-4498 | B30: 120.24 | C30: 24.05
A31: Melanie Gardas – 2344-9181 | B31: 49.71 | C31: 29.82
A32: Ajay Punjabi - 3569-3676 | B32: 24.72 | C32: 24.72
D34: 273.26
B36: Employee – EMPL | C36: Employer – SMPRC | D36: Amount Due
